종목코드,종목명,시장구분,업종명,종가,대비,등락률,시가총액
060310,3S,KOSDAQ,기계·장비,2710,55,2.07,138439379820
054620,APS,KOSDAQ,금융,6690,-120,-1.76,133092338490
265520,AP시스템,KOSDAQ,반도체,27850,-500,-1.76,425587574850
211270,AP위성,KOSDAQ,통신장비,14800,-280,-1.86,223218099200
109960,AP헬스케어,KOSDAQ,유통,708,16,2.31,80819811408
139050,BF랩스,KOSDAQ,컴퓨터서비스,2805,0,0.0,24247965555
126600,BGF에코머티리얼즈,KOSDAQ,화학,4465,35,0.79,241258572875
013720,CBI,KOSDAQ,운송장비·부품,1291,-26,-1.97,57614923576
083790,CG인바이츠,KOSDAQ,기타서비스,2295,-25,-1.08,176472147690
035760,CJ ENM,KOSDAQ,방송서비스,86400,3000,3.6,1894678905600
311690,CJ 바이오사이언스,KOSDAQ,기타서비스,12970,-30,-0.23,118189150940
051500,CJ프레시웨이,KOSDAQ,유통,21500,-500,-2.27,255239099000
058820,CMG제약,KOSDAQ,제약,2135,0,0.0,296534940940
023460,CNH,KOSDAQ,금융,2470,15,0.61,91884000000
056730,CNT85,KOSDAQ,건설,903,-5,-0.55,66922400958
065770,CS,KOSDAQ,통신장비,1209,0,0.0,23468056170
083660,CSA 코스믹,KOSDAQ,화학,1203,-39,-3.14,73680358743
456440,DB금융스팩11호,KOSDAQ,금융,2235,-30,-1.32,11879025000
477760,DB금융스팩12호,KOSDAQ,금융,2050,-15,-0.73,11972000000
060900,DGP,KOSDAQ,전기·가스·수도,1279,-1,-0.08,32305274891
290120,DH오토리드,KOSDAQ,운송장비·부품,2910,20,0.69,45149051580
025440,DH오토웨어,KOSDAQ,일반전기전자,405,-5,-1.22,62331978600
068790,DMS,KOSDAQ,기계·장비,6460,-70,-1.07,158741974060
241520,DSC인베스트먼트,KOSDAQ,금융,3530,-105,-2.89,97061321250
180400,DXVX,KOSDAQ,기타서비스,2690,-60,-2.18,81290272080
245620,EDGC,KOSDAQ,기타서비스,415,0,0.0,57474989665
037370,EG,KOSDAQ,화학,8500,-20,-0.23,73312262000
050120,ES큐브,KOSDAQ,유통,2325,15,0.65,31536499950
214270,FSN,KOSDAQ,출판·매체복제,1897,-16,-0.84,63076128311
130500,GH신소재,KOSDAQ,섬유·의류,2830,10,0.35,41162497160
900290,GRT,KOSDAQ,금융,3570,50,1.42,240528750000
083450,GST,KOSDAQ,반도체,46900,400,0.86,437002240500
297890,HB솔루션,KOSDAQ,기계·장비,9460,120,1.28,691661448280
440290,HB인베스트먼트,KOSDAQ,금융,2485,-45,-1.78,67360919850
078150,HB테크놀러지,KOSDAQ,기계·장비,3465,-70,-1.98,321260648940
195940,HK이노엔,KOSDAQ,제약,35500,-850,-2.34,1005711130500
028300,HLB,KOSDAQ,제약,63400,600,0.96,8295596077600
278650,HLB바이오스텝,KOSDAQ,기타서비스,2510,-25,-0.99,217693778390
067630,HLB생명과학,KOSDAQ,제약,9050,120,1.34,974305461100
024850,HLB이노베이션,KOSDAQ,반도체,3000,0,0.0,217134165000
047920,HLB제약,KOSDAQ,기타서비스,20050,-150,-0.74,637188879700
115450,HLB테라퓨틱스,KOSDAQ,유통,7000,-80,-1.13,554743966000
046210,HLB파나진,KOSDAQ,의료·정밀기기,3075,0,0.0,126119670525
403870,HPSP,KOSDAQ,반도체,41150,2700,7.02,3412740025600
036640,HRS,KOSDAQ,화학,5520,40,0.73,90278496000
439730,IBKS제20호스팩,KOSDAQ,금융,2505,-5,-0.2,10796550000
442770,IBKS제21호스팩,KOSDAQ,금융,2420,10,0.41,10188200000
448760,IBKS제22호스팩,KOSDAQ,금융,2355,0,0.0,10432650000
467930,IBKS제23호스팩,KOSDAQ,금융,2215,15,0.68,9369450000
469480,IBKS제24호스팩,KOSDAQ,금융,2195,0,0.0,9284850000
095340,ISC,KOSDAQ,반도체,68100,-100,-0.15,1443519649800
099520,ITX-AI,KOSDAQ,통신장비,1284,0,0.0,58141862016
950170,JTC,KOSDAQ,유통,5890,10,0.17,304785989720
067290,JW신약,KOSDAQ,제약,1768,-15,-0.84,89887775536
035900,JYP Ent.,KOSDAQ,오락·문화,56200,-700,-1.23,1996926050400
318000,KBG,KOSDAQ,화학,7420,40,0.54,64852454660
024840,KBI메탈,KOSDAQ,금속,2705,5,0.19,94429383295
024120,KB오토시스,KOSDAQ,운송장비·부품,4515,20,0.44,51922500000
455250,KB제25호스팩,KOSDAQ,금융,2450,-10,-0.41,10547250000
458320,KB제26호스팩,KOSDAQ,금융,2485,0,0.0,13679925000
464680,KB제27호스팩,KOSDAQ,금융,2000,4,0.2,25810000000
476470,KB제28호스팩,KOSDAQ,금융,2085,-15,-0.71,11477925000
021320,KCC건설,KOSDAQ,건설,4510,-30,-0.66,96514000000
036670,KCI,KOSDAQ,화학,7300,-160,-2.14,82271000000
044180,KD,KOSDAQ,건설,533,0,0.0,14240586867
046440,KG모빌리언스,KOSDAQ,소프트웨어,5120,-120,-2.29,198786908160
151860,KG에코솔루션,KOSDAQ,화학,7750,-40,-0.51,384423265500
035600,KG이니시스,KOSDAQ,소프트웨어,11130,-20,-0.18,310576350420
226360,KH 건설,KOSDAQ,건설,2555,0,0.0,60698450260
111870,KH 미래물산,KOSDAQ,일반전기전자,8910,0,0.0,43928518590
060720,KH바텍,KOSDAQ,IT부품,13590,-90,-0.66,321776436780
058400,KNN,KOSDAQ,방송서비스,810,-23,-2.76,107268073200
122450,KX,KOSDAQ,방송서비스,4540,45,1.0,205825276560
052900,KX하이텍,KOSDAQ,반도체,1229,5,0.41,67727138393
376190,LB루셈,KOSDAQ,반도체,6060,-40,-0.66,149076000000
061970,LB세미콘,KOSDAQ,반도체,6290,-110,-1.72,275405083680
309960,LB인베스트먼트,KOSDAQ,금융,4585,-35,-0.76,106451040815
225190,LK삼양,KOSDAQ,의료·정밀기기,1775,1,0.06,90078481000
060370,LS마린솔루션,KOSDAQ,건설,16760,-740,-4.23,434724768320
417200,LS머트리얼즈,KOSDAQ,일반전기전자,25100,450,1.83,1698081740900
086960,MDS테크,KOSDAQ,소프트웨어,1607,9,0.56,140888563316
038340,MIT,KOSDAQ,일반전기전자,1233,0,0.0,39979891836
160550,NEW,KOSDAQ,오락·문화,2910,15,0.52,81206768460
053290,NE능률,KOSDAQ,출판·매체복제,4410,-10,-0.23,72881013870
060250,NHN KCP,KOSDAQ,소프트웨어,9670,20,0.21,388353108370
104200,NHN벅스,KOSDAQ,디지털컨텐츠,4165,15,0.36,61756745750
222160,NPX,KOSDAQ,기계·장비,8040,0,0.0,79551289560
024940,PN풍년,KOSDAQ,유통,4585,-210,-4.38,45850000000
218410,RFHIC,KOSDAQ,일반전기전자,14860,-230,-1.52,393558808120
327260,RF머트리얼즈,KOSDAQ,기타제조,9440,-90,-0.94,79609700640
091340,S&K폴리텍,KOSDAQ,IT부품,2785,-55,-1.94,32594862985
419530,SAMG엔터,KOSDAQ,오락·문화,10070,-180,-1.76,86510665100
019550,SBI인베스트먼트,KOSDAQ,금융,979,42,4.48,158663176925
950110,SBI핀테크솔루션즈,KOSDAQ,출판·매체복제,3160,-30,-0.94,76006026400
036120,SCI평가정보,KOSDAQ,기타서비스,2355,-10,-0.42,83602500000
246960,SCL사이언스,KOSDAQ,제약,10250,120,1.18,74654860250
099220,SDN,KOSDAQ,유통,1610,-9,-0.56,90436615710
036540,SFA반도체,KOSDAQ,반도체,5780,390,7.24,950580551340
255220,SG,KOSDAQ,비금속,1308,12,0.93,80018090280
040610,SG&G,KOSDAQ,운송,1736,27,1.58,59175372256
049470,SGA,KOSDAQ,소프트웨어,490,0,0.0,28842502010
184230,SGA솔루션즈,KOSDAQ,소프트웨어,615,-3,-0.49,38498484015
016250,SGC E&C,KOSDAQ,건설,15610,-200,-1.27,50632361850
048550,SM C&C,KOSDAQ,방송서비스,1911,-17,-0.88,184806350820
063440,SM Life Design,KOSDAQ,출판·매체복제,1620,-13,-0.8,74567229480
067160,SOOP,KOSDAQ,소프트웨어,105800,1000,0.95,1216146348600
289080,SV인베스트먼트,KOSDAQ,금융,2100,-85,-3.89,111791400000
089230,THE E&M,KOSDAQ,인터넷,1820,-84,-4.41,38786393100
032540,TJ미디어,KOSDAQ,일반전기전자,5850,10,0.17,81499912650
022220,TKG애강,KOSDAQ,화학,1136,-1,-0.09,58838641744
048770,TPC,KOSDAQ,기계·장비,3315,-20,-0.6,52038840165
246690,TS인베스트먼트,KOSDAQ,금융,1229,-8,-0.65,50976292398
317240,TS트릴리온,KOSDAQ,화학,340,0,0.0,36461913480
057030,YBM넷,KOSDAQ,기타서비스,3725,-50,-1.32,60764796325
040300,YTN,KOSDAQ,방송서비스,3440,-20,-0.58,144480000000
051390,YW,KOSDAQ,유통,3660,-40,-1.08,41560646880
052220,iMBC,KOSDAQ,디지털컨텐츠,2965,65,2.24,68195000000
079940,가비아,KOSDAQ,인터넷,15480,210,1.38,209532388320
078890,가온그룹,KOSDAQ,통신장비,5450,-70,-1.27,94885355650
399720,가온칩스,KOSDAQ,반도체,79900,2700,3.5,917916768000
036620,감성코퍼레이션,KOSDAQ,유통,3985,-75,-1.85,361618394620
217730,강스템바이오텍,KOSDAQ,제약,3080,-160,-4.94,172288809000
114190,강원에너지,KOSDAQ,일반전기전자,18810,0,0.0,491374344780
094480,갤럭시아머니트리,KOSDAQ,소프트웨어,6130,-160,-2.54,240478906940
039240,경남스틸,KOSDAQ,금속,3070,5,0.16,82827384280
053950,경남제약,KOSDAQ,제약,1058,-23,-2.13,37657819316
011040,경동제약,KOSDAQ,제약,6740,70,1.05,207381482840
024910,경창산업,KOSDAQ,운송장비·부품,2625,20,0.77,94024888125
198440,고려시멘트,KOSDAQ,비금속,2530,490,24.02,80909298800
049720,고려신용정보,KOSDAQ,기타서비스,10630,-50,-0.47,152009000000
014570,고려제약,KOSDAQ,제약,5560,-190,-3.3,61160000000
348150,고바이오랩,KOSDAQ,기타서비스,6810,20,0.29,131667972240
950190,고스트스튜디오,KOSDAQ,출판·매체복제,10410,-40,-0.38,141366675720
098460,고영,KOSDAQ,기계·장비,12810,560,4.57,879467411550
035290,골드앤에스,KOSDAQ,출판·매체복제,657,-6,-0.9,30518020548
900280,골든센츄리,KOSDAQ,금융,97,0,0.0,19924215936
215000,골프존,KOSDAQ,소프트웨어,73500,-900,-1.21,461243002500
121440,골프존뉴딘홀딩스,KOSDAQ,유통,3590,-40,-1.1,153784176620
366030,공구우먼,KOSDAQ,섬유·의류,6570,-30,-0.45,148835794500
014200,광림,KOSDAQ,운송장비·부품,1006,0,0.0,91250936176
029480,광무,KOSDAQ,통신장비,5720,-160,-2.72,277266320760
026910,광진실업,KOSDAQ,금속,3160,-20,-0.63,20241079800
421800,교보12호스팩,KOSDAQ,금융,2665,0,0.0,15936700000
440790,교보13호스팩,KOSDAQ,금융,2365,0,0.0,9578250000
456490,교보14호스팩,KOSDAQ,금융,2310,0,0.0,9702000000
465320,교보15호스팩,KOSDAQ,금융,2180,0,0.0,8305800000
053270,구영테크,KOSDAQ,운송장비·부품,2740,-10,-0.36,75104509700
066620,국보디자인,KOSDAQ,건설,15670,100,0.64,117525000000
043650,국순당,KOSDAQ,음식료·담배,7210,-100,-1.37,128758371840
006050,국영지앤엠,KOSDAQ,비금속,1126,-3,-0.27,39292043618
060480,국일신동,KOSDAQ,금속,2385,10,0.42,26449650000
078130,국일제지,KOSDAQ,종이·목재,800,0,0.0,901924696800
307750,국전약품,KOSDAQ,제약,5240,-100,-1.87,257122969560
035080,그래디언트,KOSDAQ,유통,15370,200,1.32,223288966080
453450,그리드위즈,KOSDAQ,기타서비스,44250,-2150,-4.63,351466687500
204020,그리티,KOSDAQ,섬유·의류,3075,-50,-1.6,61953347250
402490,그린리소스,KOSDAQ,일반전기전자,24850,100,0.4,205408708400
114450,그린생명과학,KOSDAQ,제약,1990,-10,-0.5,39800000000
186230,그린플러스,KOSDAQ,금속,11060,-280,-2.47,119671279280
900070,글로벌에스엠,KOSDAQ,금융,437,4,0.92,23486114016
204620,글로벌텍스프리,KOSDAQ,금융,3965,-95,-2.34,225163817320
019660,글로본,KOSDAQ,유통,621,-52,-7.73,21605053266
053260,금강철강,KOSDAQ,금속,5240,60,1.16,98092800000
282720,금양그린파워,KOSDAQ,건설,13930,580,4.34,168824635000
036190,금화피에스시,KOSDAQ,건설,25900,-150,-0.58,155400000000
049080,기가레인,KOSDAQ,통신장비,737,-10,-1.34,62559026739
420770,기가비스,KOSDAQ,반도체,52500,600,1.16,665477295000
035460,기산텔레콤,KOSDAQ,통신장비,2100,-100,-4.55,30612414000
308100,까스텔바작,KOSDAQ,유통,3855,0,0.0,25538345715
407400,꿈비,KOSDAQ,기타제조,10830,-510,-4.5,132770103420
187790,나노,KOSDAQ,화학,1025,0,0.0,31611850750
286750,나노브릭,KOSDAQ,화학,1755,-39,-2.17,36318951045
121600,나노신소재,KOSDAQ,화학,123900,-2100,-1.67,1511094064200
247660,나노씨엠에스,KOSDAQ,일반전기전자,9800,40,0.41,42570416000
039860,나노엔텍,KOSDAQ,의료·정밀기기,3475,5,0.14,111582534950
091970,나노캠텍,KOSDAQ,화학,557,-5,-0.89,20841543601
417010,나노팀,KOSDAQ,기계·장비,14460,10,0.07,285213782880
405920,나라셀라,KOSDAQ,유통,4785,-145,-2.94,61621593660
051490,나라엠앤디,KOSDAQ,기계·장비,4890,-55,-1.11,69438000000
137080,나래나노텍,KOSDAQ,기계·장비,5710,-130,-2.23,63149299620
190510,나무가,KOSDAQ,IT부품,13220,-110,-0.83,215015156480
242040,나무기술,KOSDAQ,출판·매체복제,1961,-19,-0.96,67862883704
089600,나스미디어,KOSDAQ,기타서비스,16990,-430,-2.47,196543089370
293580,나우IB,KOSDAQ,금융,1043,36,3.57,99888110000
138610,나이벡,KOSDAQ,제약,18130,-170,-0.93,186421598090
130580,나이스디앤비,KOSDAQ,기타서비스,5780,40,0.7,89012000000
036800,나이스정보통신,KOSDAQ,통신서비스,21700,-300,-1.36,217000000000
267320,나인테크,KOSDAQ,IT부품,2970,-30,-1.0,129682388880
111710,남화산업,KOSDAQ,오락·문화,5220,-140,-2.61,107469360000
091590,남화토건,KOSDAQ,건설,4540,0,0.0,53299600000
168330,내츄럴엔도텍,KOSDAQ,기타서비스,2155,-25,-1.15,68431809500
094860,네오리진,KOSDAQ,소프트웨어,1558,-5,-0.32,33340528502
253590,네오셈,KOSDAQ,반도체,11400,480,4.4,500108469600
212560,네오오토,KOSDAQ,운송장비·부품,9950,-130,-1.29,78355881850
095660,네오위즈,KOSDAQ,디지털컨텐츠,20650,200,0.98,454996297350
042420,네오위즈홀딩스,KOSDAQ,디지털컨텐츠,18000,-190,-1.04,159423588000
950220,네오이뮨텍,KOSDAQ,기타서비스,1662,16,0.97,164317726830
311390,네오크레마,KOSDAQ,음식료·담배,5900,-40,-0.67,64776967300
085910,네오티스,KOSDAQ,운송장비·부품,3420,10,0.29,47657077560
092730,네오팜,KOSDAQ,화학,30350,-1000,-3.19,249093406350
290660,네오펙트,KOSDAQ,의료·정밀기기,972,3,0.31,40212885132
306620,네온테크,KOSDAQ,기계·장비,2750,-15,-0.54,116777867250
153460,네이블,KOSDAQ,소프트웨어,7110,30,0.42,46428399540
007390,네이처셀,KOSDAQ,제약,9890,-840,-7.83,634514272840
033640,네패스,KOSDAQ,반도체,15370,-1150,-6.96,354419934740
330860,네패스아크,KOSDAQ,반도체,26800,-350,-1.29,326532406000
089140,넥스턴바이오,KOSDAQ,기계·장비,3285,-55,-1.65,37063429695
137940,넥스트아이,KOSDAQ,의료·정밀기기,304,-26,-7.88,23809581568
396270,넥스트칩,KOSDAQ,반도체,14600,1260,9.45,264098524000
348210,넥스틴,KOSDAQ,반도체,71600,-1000,-1.38,741586976000
225570,넥슨게임즈,KOSDAQ,디지털컨텐츠,14560,-960,-6.19,958102891200
217270,넵튠,KOSDAQ,출판·매체복제,5560,-60,-1.07,259163554000
104620,노랑풍선,KOSDAQ,기타서비스,6820,-200,-2.85,108043299320
194700,노바렉스,KOSDAQ,음식료·담배,10130,-90,-0.88,189986610240
285490,노바텍,KOSDAQ,기타제조,18460,-410,-2.17,195229840260
145170,노브랜드,KOSDAQ,섬유·의류,32200,3250,11.23,255570659400
106520,노블엠앤비,KOSDAQ,의료·정밀기기,411,0,0.0,15904036272
376930,노을,KOSDAQ,의료·정밀기기,2780,-5,-0.18,102712826800
142280,녹십자엠에스,KOSDAQ,제약,3980,-70,-1.73,84122119780
234690,녹십자웰빙,KOSDAQ,제약,8560,-300,-3.39,151959482560
065560,녹원씨엔아이,KOSDAQ,출판·매체복제,11540,0,0.0,189726555040
054050,농우바이오,KOSDAQ,"농업, 임업 및 어업",8010,-10,-0.12,128404793610
069140,누리플랜,KOSDAQ,금속,1610,-15,-0.92,21095416230
040160,누리플렉스,KOSDAQ,소프트웨어,3310,-30,-0.9,39903820850
332290,누보,KOSDAQ,화학,1456,1,0.07,48608273168
348340,뉴로메카,KOSDAQ,기계·장비,31000,200,0.65,326481770000
060260,뉴보텍,KOSDAQ,화학,548,16,3.01,22774904660
123840,뉴온,KOSDAQ,기계·장비,300,-5,-1.64,84632943300
012340,뉴인텍,KOSDAQ,운송장비·부품,765,-10,-1.29,38943978930
214870,뉴지랩파마,KOSDAQ,유통,1383,0,0.0,64719014598
270870,뉴트리,KOSDAQ,음식료·담배,9860,-340,-3.33,90714208640
144960,뉴파워프라즈마,KOSDAQ,기계·장비,6760,150,2.27,295362138240
085670,뉴프렉스,KOSDAQ,IT부품,6490,-90,-1.37,158685438890
064260,다날,KOSDAQ,디지털컨텐츠,3875,-70,-1.77,267177530000
340360,다보링크,KOSDAQ,통신장비,2500,85,3.52,108470530000
039560,다산네트웍스,KOSDAQ,통신장비,3485,-10,-0.29,137678343785
154040,다산솔루에타,KOSDAQ,IT부품,1658,0,0.0,29761255852
032190,다우데이타,KOSDAQ,유통,11530,90,0.79,441599000000
323350,다원넥스뷰,KOSDAQ,의료·정밀기기,9790,470,5.04,74365926690
068240,다원시스,KOSDAQ,IT부품,11380,-20,-0.18,434299913060
020400,대동금속,KOSDAQ,금속,8230,-50,-0.6,26246836180
008830,대동기어,KOSDAQ,기계·장비,9080,60,0.67,81606681600
048470,대동스틸,KOSDAQ,유통,4870,560,12.99,48700000000
004780,대륙제관,KOSDAQ,금속,4080,-30,-0.73,64885051920
017650,대림제지,KOSDAQ,종이·목재,7870,0,0.0,70830000000
007720,대명소노시즌,KOSDAQ,유통,513,-15,-2.84,51710630850
389260,대명에너지,KOSDAQ,건설,16700,10,0.06,284735000000
317850,대모,KOSDAQ,기계·장비,8680,30,0.35,72255965600
290670,대보마그네틱,KOSDAQ,기계·장비,23900,100,0.42,187798074000
078140,대봉엘에스,KOSDAQ,제약,11360,-390,-3.32,125943537440
065150,대산F&B,KOSDAQ,유통,145,0,0.0,18165948725
036480,대성미생물,KOSDAQ,제약,10640,-320,-2.92,40432000000
027830,대성창투,KOSDAQ,금융,2395,-130,-5.15,129330000000
104040,대성파인텍,KOSDAQ,운송장비·부품,1018,30,3.04,36572217026
129920,대성하이텍,KOSDAQ,기계·장비,4580,-50,-1.08,62814942740
438220,대신밸런스제13호스팩,KOSDAQ,금융,2275,0,0.0,12831000000
442310,대신밸런스제14호스팩,KOSDAQ,금융,2320,30,1.31,15567200000
457390,대신밸런스제15호스팩,KOSDAQ,금융,2300,0,0.0,16180500000
457630,대신밸런스제16호스팩,KOSDAQ,금융,2180,-10,-0.46,15935800000
471050,대신밸런스제17호스팩,KOSDAQ,금융,2195,5,0.23,13301700000
020180,대신정보통신,KOSDAQ,컴퓨터서비스,1057,-23,-2.13,40619363155
045390,대아티아이,KOSDAQ,일반전기전자,3010,-60,-1.95,212124864770
108380,대양전기공업,KOSDAQ,운송장비·부품,14030,180,1.3,134229681990
006580,대양제지,KOSDAQ,종이·목재,5320,-30,-0.56,142842000000
007680,대원,KOSDAQ,건설,4425,5,0.11,59500647450
048910,대원미디어,KOSDAQ,유통,9570,-380,-3.82,120380513220
005710,대원산업,KOSDAQ,운송장비·부품,6270,-40,-0.63,125635752000
290380,대유,KOSDAQ,화학,2300,0,0.0,56841307600
120240,대정화금,KOSDAQ,화학,16520,-80,-0.48,118785259320
003310,대주산업,KOSDAQ,음식료·담배,1658,-37,-2.18,58680516300
078600,대주전자재료,KOSDAQ,IT부품,143000,-4900,-3.31,2213724799000
096350,대창솔루션,KOSDAQ,금속,435,-2,-0.46,71236038915
140520,대창스틸,KOSDAQ,금속,2575,-40,-1.53,54356300725
131220,대한과학,KOSDAQ,유통,5660,-10,-0.18,42192413400
010170,대한광통신,KOSDAQ,일반전기전자,1169,48,4.28,87103553054
054670,대한뉴팜,KOSDAQ,제약,7870,-90,-1.13,112973220400
023910,대한약품,KOSDAQ,제약,28150,-100,-0.35,168900000000
021040,대호특수강,KOSDAQ,금속,4050,0,0.0,43952167350
021045,대호특수강우,KOSDAQ,금속,7500,-200,-2.6,3181845000
067080,대화제약,KOSDAQ,제약,10360,-160,-1.52,192868494000
298540,더네이쳐홀딩스,KOSDAQ,섬유·의류,13440,-50,-0.37,198254461440
032860,더라미,KOSDAQ,기타서비스,3640,0,0.0,147040941320
393890,더블유씨피,KOSDAQ,일반전기전자,31200,-100,-0.32,1051331361600
299170,더블유에스아이,KOSDAQ,유통,1820,-5,-0.27,54650892660
224060,더코디,KOSDAQ,반도체,5400,-200,-3.57,25641349200
043090,더테크놀로지,KOSDAQ,유통,459,-10,-2.13,32548953168
213420,덕산네오룩스,KOSDAQ,반도체,40050,-500,-1.23,994488718950
317330,덕산테코피아,KOSDAQ,반도체,61200,7100,13.12,1221535231200
077360,덕산하이메탈,KOSDAQ,일반전기전자,8140,100,1.24,369857196280
090410,덕신이피씨,KOSDAQ,금속,1632,-12,-0.73,75209243040
263600,덕우전자,KOSDAQ,일반전기전자,7720,-70,-0.9,122981993200
194480,데브시스터즈,KOSDAQ,디지털컨텐츠,56500,-3300,-5.52,678755970000
263800,데이타솔루션,KOSDAQ,정보기기,5550,20,0.36,90000909000
206560,덱스터,KOSDAQ,오락·문화,6090,-60,-0.98,154757472240
261200,덴티스,KOSDAQ,의료·정밀기기,9100,0,0.0,143868270000
067990,도이치모터스,KOSDAQ,유통,4850,-25,-0.51,151230517500
006620,동구바이오제약,KOSDAQ,제약,6790,-110,-1.59,193277295680
100130,동국S&C,KOSDAQ,금속,2895,-10,-0.34,165428985000
005160,동국산업,KOSDAQ,금속,7890,10,0.13,427988962980
075970,동국알앤에스,KOSDAQ,비금속,3315,-10,-0.3,60996000000
086450,동국제약,KOSDAQ,제약,17670,-620,-3.39,785608200000
099410,동방선기,KOSDAQ,운송장비·부품,2610,40,1.56,36540000000
033500,동성화인텍,KOSDAQ,화학,12180,150,1.25,365272036920
025950,동신건설,KOSDAQ,건설,21700,700,3.33,182280000000
088130,동아엘텍,KOSDAQ,기계·장비,9090,-210,-2.26,96926106420
041930,동아화성,KOSDAQ,화학,7790,-20,-0.26,123082000000
060380,동양에스텍,KOSDAQ,금속,2470,40,1.65,48659000000
079960,동양이엔피,KOSDAQ,IT부품,20250,150,0.75,159165000000
228340,동양파일,KOSDAQ,비금속,2185,-20,-0.91,43700000000
088910,동우팜투테이블,KOSDAQ,음식료·담배,2565,-50,-1.91,66258474660
094170,동운아나텍,KOSDAQ,반도체,18970,-10,-0.05,359534255570
013120,동원개발,KOSDAQ,건설,2630,-30,-1.13,238825303000
109860,동일금속,KOSDAQ,금속,9120,-10,-0.11,82992000000
032960,동일기연,KOSDAQ,IT부품,11650,190,1.66,46440662950
023790,동일철강,KOSDAQ,금속,979,-21,-2.1,19298700993
005290,동진쎄미켐,KOSDAQ,반도체,42850,650,1.54,2203111067900
025900,동화기업,KOSDAQ,종이·목재,16960,-70,-0.41,857362598400
131970,두산테스나,KOSDAQ,반도체,39150,-300,-0.76,665807058900
073190,듀오백,KOSDAQ,기타제조,2535,20,0.8,30338981400
030350,드래곤플라이,KOSDAQ,디지털컨텐츠,364,-17,-4.46,25257586172
203650,드림시큐리티,KOSDAQ,출판·매체복제,3140,-10,-0.32,158902067560
223250,드림씨아이에스,KOSDAQ,기타서비스,3260,35,1.09,77585796240
060570,드림어스컴퍼니,KOSDAQ,디지털컨텐츠,2535,-115,-4.34,191700687555
362990,드림인사이트,KOSDAQ,기타서비스,2650,30,1.15,43703709900
217620,디딤이앤에프,KOSDAQ,숙박·음식,381,0,0.0,22001687010
016670,디모아,KOSDAQ,유통,5890,50,0.86,19998122630
187870,디바이스이엔지,KOSDAQ,반도체,17100,-450,-2.56,120326013900
110990,디아이티,KOSDAQ,IT부품,25700,150,0.59,485730000000
263690,디알젬,KOSDAQ,의료·정밀기기,8780,-20,-0.23,99438855800
214680,디알텍,KOSDAQ,의료·정밀기기,3510,35,1.01,258782149080
347850,디앤디파마텍,KOSDAQ,기타서비스,27250,-1000,-3.54,285816775250
263720,디앤씨미디어,KOSDAQ,디지털컨텐츠,24550,-100,-0.41,307475812150
376300,디어유,KOSDAQ,소프트웨어,24200,50,0.21,574469425200
109740,디에스케이,KOSDAQ,기계·장비,5990,30,0.5,154005236100
196490,디에이테크놀로지,KOSDAQ,기계·장비,203,0,0.0,34390100080
066900,디에이피,KOSDAQ,IT부품,2895,0,0.0,65845336185
127120,디엔에이링크,KOSDAQ,기타서비스,2395,-50,-2.04,44754301620
092070,디엔에프,KOSDAQ,화학,20150,190,0.95,233172938700
039840,디오,KOSDAQ,의료·정밀기기,19480,160,0.83,309376587400
219550,디와이디,KOSDAQ,유통,688,9,1.33,49340198640
310870,디와이씨,KOSDAQ,운송장비·부품,1388,-22,-1.56,28713932148
104460,디와이피엔에프,KOSDAQ,기계·장비,19620,-180,-0.91,210201322500
079810,디이엔티,KOSDAQ,기계·장비,11870,-150,-1.25,261473475780
113810,디젠스,KOSDAQ,운송장비·부품,1001,1,0.1,32660679051
043360,디지아이,KOSDAQ,정보기기,2325,-15,-0.64,20925000000
197140,디지캡,KOSDAQ,출판·매체복제,4050,-20,-0.49,52703273700
068930,디지털대성,KOSDAQ,기타서비스,7220,-10,-0.14,199815969240
033130,디지틀조선,KOSDAQ,디지털컨텐츠,1847,-12,-0.65,68551898149
105740,디케이락,KOSDAQ,기계·장비,10410,340,3.38,105729300330
263020,디케이앤디,KOSDAQ,화학,3085,90,3.01,46490428635
290550,디케이티,KOSDAQ,IT부품,10950,280,2.62,209701205250
066670,디티씨,KOSDAQ,IT부품,4595,-50,-1.08,85889363210
187220,디티앤씨,KOSDAQ,기타서비스,4380,105,2.46,51237331980
383930,디티앤씨알오,KOSDAQ,기타서비스,9470,150,1.61,120936748640
131180,딜리,KOSDAQ,정보기기,1023,-15,-1.45,30025050000
315640,딥노이드,KOSDAQ,소프트웨어,8550,-500,-5.52,191701841400
223310,딥마인드,KOSDAQ,유통,2810,-15,-0.53,64178643750
317120,라닉스,KOSDAQ,일반전기전자,4610,-100,-2.12,44532600000
462510,라메디텍,KOSDAQ,의료·정밀기기,22750,50,0.22,196804221250
042510,라온시큐어,KOSDAQ,소프트웨어,2390,10,0.42,133901831690
232680,라온테크,KOSDAQ,반도체,8470,130,1.56,106164961980
418420,라온텍,KOSDAQ,반도체,5310,-40,-0.75,159875779230
300120,라온피플,KOSDAQ,IT부품,6170,-120,-1.91,128706274040
171120,라이온켐텍,KOSDAQ,화학,2745,-10,-0.36,98550331200
388790,라이콤,KOSDAQ,통신장비,3895,-565,-12.67,116514757350
347700,라이프시맨틱스,KOSDAQ,소프트웨어,1732,-34,-1.93,28858613444
214260,라파스,KOSDAQ,화학,11000,-300,-2.65,95347076000
200350,래몽래인,KOSDAQ,오락·문화,14780,450,3.14,145260101340
171010,램테크놀러지,KOSDAQ,반도체,5330,90,1.72,75707618480
084650,랩지노믹스,KOSDAQ,기타서비스,2245,55,2.51,166668777550
217500,러셀,KOSDAQ,기계·장비,2600,-50,-1.89,82711200000
038390,레드캡투어,KOSDAQ,기타서비스,16090,-60,-0.37,138204733200
294140,레몬,KOSDAQ,화학,2965,15,0.51,62265000000
443250,레뷰코퍼레이션,KOSDAQ,소프트웨어,13000,780,6.38,145332018000
228670,레이,KOSDAQ,의료·정밀기기,12020,-120,-0.99,185497003260
228850,레이언스,KOSDAQ,의료·정밀기기,8200,-60,-0.73,136046314800
412350,레이저쎌,KOSDAQ,반도체,9570,-140,-1.44,83517122040
199550,레이저옵텍,KOSDAQ,의료·정밀기기,8930,-90,-1.0,102809598690
281740,레이크머티리얼즈,KOSDAQ,화학,19610,140,0.72,1288976046280
277810,레인보우로보틱스,KOSDAQ,기계·장비,165700,-2300,-1.37,3214556470600
215100,로보로보,KOSDAQ,디지털컨텐츠,4930,-170,-3.33,100317878220
090360,로보스타,KOSDAQ,기계·장비,28050,-700,-2.43,273487500000
108490,로보티즈,KOSDAQ,소프트웨어,22900,-400,-1.72,298734347200
900260,로스웰,KOSDAQ,금융,817,-17,-2.04,29437562296
067730,로지시스,KOSDAQ,컴퓨터서비스,3245,75,2.37,31391876890
071280,로체시스템즈,KOSDAQ,반도체,16320,230,1.43,249640560960
328130,루닛,KOSDAQ,소프트웨어,47900,-1150,-2.34,1380987177000
038060,루멘스,KOSDAQ,반도체,1235,-5,-0.4,59407290215
060240,룽투코리아,KOSDAQ,디지털컨텐츠,1260,-25,-1.95,39231766980
141080,리가켐바이오,KOSDAQ,기타서비스,67800,1900,2.88,2479266194400
058470,리노공업,KOSDAQ,반도체,260500,-1500,-0.57,3970637385000
016100,리더스코스메틱,KOSDAQ,종이·목재,3065,-45,-1.45,58544240110
012700,리드코프,KOSDAQ,유통,5110,0,0.0,135139749850
302550,리메드,KOSDAQ,의료·정밀기기,3130,-20,-0.63,95897190400
073570,리튬포어스,KOSDAQ,기타제조,3710,20,0.54,133452105780
377450,리파인,KOSDAQ,기타서비스,12900,100,0.78,223557000000
277070,린드먼아시아,KOSDAQ,금융,6410,-90,-1.38,87765720000
042500,링네트,KOSDAQ,컴퓨터서비스,5810,-130,-2.19,110797478540
193250,링크드,KOSDAQ,IT부품,668,-8,-1.18,42300015836
219420,링크제니시스,KOSDAQ,소프트웨어,6900,-10,-0.14,79139598300
439090,마녀공장,KOSDAQ,화학,26000,-1800,-6.47,425834760000
195500,마니커에프앤지,KOSDAQ,음식료·담배,4210,-175,-3.99,67056880000
377480,마음AI,KOSDAQ,소프트웨어,15840,-740,-4.46,97849746720
305090,마이크로디지탈,KOSDAQ,의료·정밀기기,9480,760,8.72,148235574720
098120,마이크로컨텍솔,KOSDAQ,반도체,8650,-50,-0.57,71905425900
424980,마이크로투나노,KOSDAQ,반도체,13770,520,3.92,81503115300
038290,마크로젠,KOSDAQ,기타서비스,19610,10,0.05,212599854000
267980,매일유업,KOSDAQ,음식료·담배,43700,-1300,-2.89,342766980600
005990,매일홀딩스,KOSDAQ,음식료·담배,8310,-20,-0.24,113999106240
093520,매커스,KOSDAQ,유통,11000,-60,-0.54,177794012000
377030,맥스트,KOSDAQ,소프트웨어,4000,55,1.39,78283528000
100590,머큐리,KOSDAQ,일반전기전자,4450,5,0.11,70443602350
067280,멀티캠퍼스,KOSDAQ,디지털컨텐츠,31950,-400,-1.24,189360589050
072870,메가스터디,KOSDAQ,출판·매체복제,11430,0,0.0,136256561370
215200,메가스터디교육,KOSDAQ,기타서비스,57100,-1100,-1.89,663837576700
133750,메가엠디,KOSDAQ,기타서비스,2420,-25,-1.02,56645126340
446540,메가터치,KOSDAQ,반도체,5810,210,3.75,120679510000
235980,메드팩토,KOSDAQ,기타서비스,8060,-30,-0.37,270660401700
041920,메디아나,KOSDAQ,의료·정밀기기,6500,180,2.85,120888449500
014100,메디앙스,KOSDAQ,유통,3070,-40,-1.29,36226000000
054180,메디콕스,KOSDAQ,운송장비·부품,462,-42,-8.33,26403839616
086900,메디톡스,KOSDAQ,제약,128000,-700,-0.54,934207616000
078160,메디포스트,KOSDAQ,제약,6580,-20,-0.3,225153025300
408920,메쎄이상,KOSDAQ,기타서비스,2485,-35,-1.39,107432650675
021880,메이슨캐피탈,KOSDAQ,금융,344,-5,-1.43,52351436352
140410,메지온,KOSDAQ,기타서비스,39250,-150,-0.38,1167869109750
241770,메카로,KOSDAQ,반도체,9470,40,0.42,96524300800
059210,메타바이오메드,KOSDAQ,제약,4560,-60,-1.3,108812320560
058110,멕아이씨에스,KOSDAQ,의료·정밀기기,2490,-55,-2.16,39965819700
434480,모니터랩,KOSDAQ,소프트웨어,5290,-60,-1.12,64819957000
080420,모다이노칩,KOSDAQ,IT부품,2100,-55,-2.55,167415406200
417970,모델솔루션,KOSDAQ,기계·장비,12850,-10,-0.08,82197595000
080160,모두투어,KOSDAQ,기타서비스,15460,-240,-1.53,292194000000
087260,모바일어플라이언스,KOSDAQ,소프트웨어,2915,-90,-3.0,94891589815
101330,모베이스,KOSDAQ,IT부품,3690,-25,-0.67,85412537010
012860,모베이스전자,KOSDAQ,운송장비·부품,1934,-15,-0.77,141633505838
363260,모비데이즈,KOSDAQ,기타서비스,2410,60,2.55,77514683290
348030,모비릭스,KOSDAQ,디지털컨텐츠,7320,100,1.39,70299816000
250060,모비스,KOSDAQ,소프트웨어,3595,65,1.84,115655873830
288980,모아데이타,KOSDAQ,소프트웨어,2275,40,1.79,78616178550
142760,모아라이프플러스,KOSDAQ,기타서비스,2090,10,0.48,78865754990
033200,모아텍,KOSDAQ,IT부품,4110,-215,-4.97,58901170350
333050,모코엠시스,KOSDAQ,소프트웨어,1383,-7,-0.5,33545294265
118990,모트렉스,KOSDAQ,운송장비·부품,13540,150,1.12,336631344600
006920,모헨즈,KOSDAQ,비금속,3330,-25,-0.75,36363600000
001810,무림SP,KOSDAQ,종이·목재,1815,2,0.11,40179562500
279600,미디어젠,KOSDAQ,소프트웨어,13140,-60,-0.45,61558022340
095500,미래나노텍,KOSDAQ,IT부품,15720,860,5.79,487477184280
254490,미래반도체,KOSDAQ,유통,16390,-120,-0.73,236638820000
218150,미래생명자원,KOSDAQ,음식료·담배,5380,-170,-3.06,109837014760
442900,미래에셋드림스팩1호,KOSDAQ,금융,9620,0,0.0,73881600000
100790,미래에셋벤처투자,KOSDAQ,금융,6130,-80,-1.29,325654006420
412930,미래에셋비전스팩1호,KOSDAQ,금융,2620,0,0.0,16181120000
446190,미래에셋비전스팩2호,KOSDAQ,금융,2270,30,1.34,11236500000
448830,미래에셋비전스팩3호,KOSDAQ,금융,2250,0,0.0,11070000000
477380,미래에셋비전스팩4호,KOSDAQ,금융,2020,-10,-0.49,16362000000
477470,미래에셋비전스팩5호,KOSDAQ,금융,2060,60,3.0,11288800000
049950,미래컴퍼니,KOSDAQ,기계·장비,23400,-50,-0.21,206338485600
207760,미스터블루,KOSDAQ,디지털컨텐츠,2745,15,0.55,227950490385
059090,미코,KOSDAQ,반도체,18700,540,2.97,624893748600
214610,미코바이오메드,KOSDAQ,의료·정밀기기,1544,-49,-3.08,67270451080
201490,미투온,KOSDAQ,디지털컨텐츠,2420,0,0.0,75643803400
452200,민테크,KOSDAQ,의료·정밀기기,9460,-610,-6.06,207602538000
418470,밀리의서재,KOSDAQ,디지털컨텐츠,17530,-800,-4.36,148992536170
206640,바디텍메드,KOSDAQ,제약,16070,-330,-2.01,377429019200
018700,바른손,KOSDAQ,유통,1330,0,0.0,46709276810
035620,바른손이앤에이,KOSDAQ,오락·문화,496,-18,-3.5,36922078800
053030,바이넥스,KOSDAQ,제약,14920,-80,-0.53,473874836160
301300,바이브컴퍼니,KOSDAQ,소프트웨어,5600,-170,-2.95,69308523200
064550,바이오니아,KOSDAQ,제약,27650,-1050,-3.66,713654546150
314930,바이오다인,KOSDAQ,의료·정밀기기,14240,-60,-0.42,423840826720
208710,바이오로그디바이스,KOSDAQ,IT부품,590,-11,-1.83,36934197060
086820,바이오솔루션,KOSDAQ,제약,15680,-340,-2.12,127688919680
038460,바이오스마트,KOSDAQ,정보기기,4650,185,4.14,109840412100
251120,바이오에프디엔씨,KOSDAQ,제약,14000,-200,-1.41,121739800000
199730,바이오인프라,KOSDAQ,기타서비스,9170,-30,-0.33,44606245390
086040,바이오톡스텍,KOSDAQ,기타서비스,5230,0,0.0,83461631810
099430,바이오플러스,KOSDAQ,제약,5060,-120,-2.32,293130171840
032980,바이온,KOSDAQ,유통,1142,0,0.0,46271446368
308080,바이젠셀,KOSDAQ,제약,3770,-45,-1.18,72624299800
043150,바텍,KOSDAQ,의료·정밀기기,26700,-400,-1.48,396608635200
323990,박셀바이오,KOSDAQ,기타서비스,16000,-90,-0.56,367891200000
267790,배럴,KOSDAQ,섬유·의류,6550,-130,-1.95,51669675000
046310,백금T&A,KOSDAQ,통신장비,2710,-30,-1.09,44494517110
331520,밸로프,KOSDAQ,디지털컨텐츠,760,-40,-5.0,38656936400
438700,버넥트,KOSDAQ,소프트웨어,4995,-175,-3.38,55668725550
066410,버킷스튜디오,KOSDAQ,통신서비스,1153,0,0.0,96978744678
382900,범한퓨얼셀,KOSDAQ,일반전기전자,22350,1150,5.42,195808350000
206400,베노티앤알,KOSDAQ,건설,3615,-115,-3.08,113559802500
019010,베뉴지,KOSDAQ,유통,2050,-15,-0.73,98810000000
177350,베셀,KOSDAQ,반도체,433,5,1.17,34801094619
424760,벨로크,KOSDAQ,컴퓨터서비스,1517,3,0.2,29649768034
225530,보광산업,KOSDAQ,비금속,5050,-20,-0.39,183510571350
250000,보라티알,KOSDAQ,유통,12120,-500,-3.96,81818883960
310210,보로노이,KOSDAQ,제약,46300,3650,8.56,823224417500
006910,보성파워텍,KOSDAQ,금속,3830,65,1.73,188167225920
226340,본느,KOSDAQ,화학,4245,-10,-0.24,177836842005
014470,부방,KOSDAQ,기타서비스,2305,40,1.77,138420459300
008470,부스타,KOSDAQ,금속,3965,-45,-1.12,33325032000
338220,뷰노,KOSDAQ,소프트웨어,26950,-850,-3.06,369732844250
100120,뷰웍스,KOSDAQ,의료·정밀기기,28950,-400,-1.36,289553991750
406820,뷰티스킨,KOSDAQ,화학,23200,-1200,-4.92,81989728000
337930,브랜드엑스코퍼레이션,KOSDAQ,인터넷,5930,130,2.24,173550872770
099390,브레인즈컴퍼니,KOSDAQ,소프트웨어,6820,10,0.15,55980490060
064480,브리지텍,KOSDAQ,컴퓨터서비스,7600,-90,-1.17,90839000000
288330,브릿지바이오테라퓨틱스,KOSDAQ,제약,1983,-57,-2.79,48533108004
365900,브이씨,KOSDAQ,기타제조,4555,5,0.11,33298416500
089970,브이엠,KOSDAQ,기계·장비,18270,420,2.35,439861120650
251630,브이원텍,KOSDAQ,기계·장비,8050,-130,-1.59,128340232300
018290,브이티,KOSDAQ,화학,36450,-1950,-5.08,1304837355150
044480,블레이드 Ent,KOSDAQ,화학,850,-24,-2.75,34564168800
439580,블루엠텍,KOSDAQ,유통,11920,-120,-1.0,129744300880
033560,블루콤,KOSDAQ,IT부품,3185,-5,-0.16,54463500000
369370,블리츠웨이스튜디오,KOSDAQ,기타제조,1825,-42,-2.25,91016237575
126340,비나텍,KOSDAQ,IT부품,49200,600,1.23,299387805600
121800,비덴트,KOSDAQ,통신장비,3320,0,0.0,256309348520
082800,비보존 제약,KOSDAQ,제약,3100,-60,-1.9,149456316500
318410,비비씨,KOSDAQ,화학,11600,-370,-3.09,64440818800
419540,비스토스,KOSDAQ,의료·정밀기기,2400,-5,-0.21,55182026400
146320,비씨엔씨,KOSDAQ,반도체,19640,340,1.76,251253007720
200780,비씨월드제약,KOSDAQ,제약,5630,-20,-0.35,50064121920
413640,비아이매트릭스,KOSDAQ,소프트웨어,9850,0,0.0,70988359000
141000,비아트론,KOSDAQ,반도체,8160,-20,-0.24,98856033600
083650,비에이치아이,KOSDAQ,기계·장비,10870,450,4.32,336365356250
445360,비엔케이제1호스팩,KOSDAQ,금융,2130,10,0.47,9180300000
473370,비엔케이제2호스팩,KOSDAQ,금융,2055,0,0.0,8651550000
065170,비엘팜텍,KOSDAQ,유통,510,4,0.79,45374985090
086670,비엠티,KOSDAQ,기계·장비,12180,-80,-0.65,111144619320
335890,비올,KOSDAQ,의료·정밀기기,10120,20,0.2,591201545000
230980,비유테크놀러지,KOSDAQ,출판·매체복제,229,0,0.0,21370407553
138580,비즈니스온,KOSDAQ,소프트웨어,14820,200,1.37,334282335660
082920,비츠로셀,KOSDAQ,IT부품,20850,-250,-1.18,471326760000
054220,비츠로시스,KOSDAQ,일반전기전자,459,-1,-0.22,22564714941
042370,비츠로테크,KOSDAQ,금융,8870,30,0.34,232394221750
050090,비케이홀딩스,KOSDAQ,기타서비스,1000,3,0.3,19784735000
148780,비큐AI,KOSDAQ,소프트웨어,1418,20,1.43,44590038050
307870,비투엔,KOSDAQ,소프트웨어,1753,-57,-3.15,59598834082
357880,비트나인,KOSDAQ,소프트웨어,3575,-220,-5.8,37337142700
032850,비트컴퓨터,KOSDAQ,소프트웨어,6010,-130,-2.12,99905990930
238200,비피도,KOSDAQ,음식료·담배,5210,190,3.78,42617800000
093190,빅솔론,KOSDAQ,정보기기,4760,-20,-0.42,91577187800
065450,빅텍,KOSDAQ,의료·정밀기기,5090,-70,-1.36,145842752000
210120,빅텐츠,KOSDAQ,오락·문화,14800,540,3.79,46540228000
069540,빛과전자,KOSDAQ,통신장비,3580,-215,-5.67,102482562120
072950,빛샘전자,KOSDAQ,반도체,4805,10,0.21,38692791050
451250,삐아,KOSDAQ,화학,20500,-50,-0.24,198484833500
143240,사람인,KOSDAQ,인터넷,17700,-110,-0.62,207253955100
452430,사피엔반도체,KOSDAQ,반도체,29050,600,2.11,232184797600
419120,산돌,KOSDAQ,소프트웨어,7940,50,0.63,61728148440
122350,삼기,KOSDAQ,운송장비·부품,1884,65,3.57,72231482352
419050,삼기이브이,KOSDAQ,운송장비·부품,2740,75,2.81,156717697600
014970,삼륭물산,KOSDAQ,종이·목재,3975,-60,-1.49,60121875000
018310,삼목에스폼,KOSDAQ,금속,19230,-170,-0.88,282681000000
053700,삼보모터스,KOSDAQ,운송장비·부품,5380,-50,-0.92,123079282200
009620,삼보산업,KOSDAQ,금속,488,-12,-2.4,24427280176
023600,삼보판지,KOSDAQ,종이·목재,9400,-70,-0.74,151998000000
425290,삼성스팩6호,KOSDAQ,금융,2230,0,0.0,12309600000
439250,삼성스팩7호,KOSDAQ,금융,9990,-10,-0.1,34984980000
448740,삼성스팩8호,KOSDAQ,금융,9780,0,0.0,45613920000
468510,삼성스팩9호,KOSDAQ,금융,2020,-5,-0.25,22321000000
009300,삼아제약,KOSDAQ,제약,20900,-300,-1.42,133133000000
361670,삼영에스앤씨,KOSDAQ,일반전기전자,9460,-610,-6.06,53616044680
054540,삼영엠텍,KOSDAQ,금속,4295,-5,-0.12,55835000000
065570,삼영이엔씨,KOSDAQ,통신장비,3080,125,4.23,40590747120
032280,삼일,KOSDAQ,운송,1810,-19,-1.04,29346597900
002290,삼일기업공사,KOSDAQ,건설,3425,-10,-0.29,42470000000
037460,삼지전자,KOSDAQ,통신장비,8910,50,0.56,145398031020
032750,삼진,KOSDAQ,일반전기전자,4810,10,0.21,43439696820
054090,삼진엘앤디,KOSDAQ,IT부품,1240,6,0.49,30949447680
000250,삼천당제약,KOSDAQ,제약,163800,22300,15.76,3842333913600
024950,삼천리자전거,KOSDAQ,유통,5120,-40,-0.78,67960714240
038500,삼표시멘트,KOSDAQ,비금속,3200,60,1.91,345332179200
437730,삼현,KOSDAQ,운송장비·부품,27350,-450,-1.62,289067319150
017480,삼현철강,KOSDAQ,금속,5070,10,0.2,79613652300
046390,삼화네트웍스,KOSDAQ,오락·문화,1659,69,4.34,71623895847
027580,상보,KOSDAQ,화학,1720,6,0.35,101791799880
038540,상상인,KOSDAQ,컴퓨터서비스,3055,-5,-0.16,169027996215
101000,상상인인더스트리,KOSDAQ,기계·장비,2605,-50,-1.88,78539757495
415580,상상인제3호스팩,KOSDAQ,금융,2120,0,0.0,11257200000
452670,상상인제4호스팩,KOSDAQ,금융,2045,5,0.25,10674900000
091580,상신이디피,KOSDAQ,IT부품,15670,240,1.56,210420191730
263810,상신전자,KOSDAQ,일반전기전자,3820,15,0.39,54414822760
089980,상아프론테크,KOSDAQ,화학,24250,50,0.21,387734147250
042940,상지건설,KOSDAQ,건설,3765,-30,-0.79,44974596660
042600,새로닉스,KOSDAQ,IT부품,19030,-90,-0.47,236420613220
107600,새빗켐,KOSDAQ,화학,48400,300,0.62,238928778000
411080,샌즈랩,KOSDAQ,소프트웨어,9690,-50,-0.51,147759302220
252990,샘씨엔에스,KOSDAQ,반도체,7390,-80,-1.07,431487785570
378800,샤페론,KOSDAQ,제약,1832,-58,-3.07,42266128792
294630,서남,KOSDAQ,일반전기전자,4610,-60,-1.28,108512295990
038070,서린바이오,KOSDAQ,유통,8630,110,1.29,76812833880
006730,서부T&D,KOSDAQ,숙박·음식,7010,-40,-0.57,465652730230
079650,서산,KOSDAQ,비금속,1395,-4,-0.29,27900000000
100660,서암기계공업,KOSDAQ,기계·장비,5060,240,4.98,63756000000
019770,서연탑메탈,KOSDAQ,기계·장비,3970,-10,-0.25,46250500000
043710,서울리거,KOSDAQ,유통,632,-22,-3.36,31725692160
092190,서울바이오시스,KOSDAQ,IT부품,3125,-10,-0.32,143338696875
046890,서울반도체,KOSDAQ,반도체,9550,-60,-0.62,556816570000
063170,서울옥션,KOSDAQ,유통,7860,-100,-1.26,139705738620
027040,서울전자통신,KOSDAQ,IT부품,342,0,0.0,23799385674
018680,서울제약,KOSDAQ,제약,3250,-20,-0.61,37892786750
093920,서원인텍,KOSDAQ,IT부품,5640,0,0.0,104904000000
189860,서전기전,KOSDAQ,일반전기전자,5960,110,1.88,57804728800
178320,서진시스템,KOSDAQ,일반전기전자,28350,-150,-0.53,1579163692050
122690,서진오토모티브,KOSDAQ,운송장비·부품,3255,5,0.15,71103554550
140070,서플러스글로벌,KOSDAQ,유통,3435,25,0.73,127053780000
011370,서한,KOSDAQ,건설,835,0,0.0,84247212275
065710,서호전기,KOSDAQ,일반전기전자,19830,130,0.66,102124500000
035890,서희건설,KOSDAQ,건설,1332,-16,-1.19,306104864724
357550,석경에이티,KOSDAQ,화학,56000,2000,3.7,305480000000
003100,선광,KOSDAQ,운송,17370,40,0.23,114642000000
067370,선바이오,KOSDAQ,제약,7910,0,0.0,97400220050
171090,선익시스템,KOSDAQ,반도체,60300,-2200,-3.52,572512621500
086710,선진뷰티사이언스,KOSDAQ,화학,20500,-750,-3.53,250167240000
014620,성광벤드,KOSDAQ,금속,11020,320,2.99,315172000000
037350,성도이엔지,KOSDAQ,기타서비스,4570,-100,-2.14,70697900000
081580,성우전자,KOSDAQ,IT부품,3505,-65,-1.82,54356041215
045300,성우테크론,KOSDAQ,반도체,3595,-5,-0.14,36494940885
015750,성우하이텍,KOSDAQ,운송장비·부품,9220,-190,-2.02,737600000000
365340,성일하이텍,KOSDAQ,화학,79100,-300,-0.38,959886172700
080470,성창오토텍,KOSDAQ,운송장비·부품,4470,20,0.45,32631000000
043260,성호전자,KOSDAQ,IT부품,1820,94,5.45,104863939180
148150,세경하이테크,KOSDAQ,일반전기전자,10650,-20,-0.19,379818937500
188260,세니젠,KOSDAQ,기타제조,3120,-70,-2.19,22332055200
053060,세동,KOSDAQ,운송장비·부품,1472,-4,-0.27,25991720768
340440,세림B&G,KOSDAQ,화학,1699,-1,-0.06,48214840436
017510,세명전기,KOSDAQ,금속,5180,195,3.91,78974280000
011560,세보엠이씨,KOSDAQ,건설,12940,260,2.05,136258200000
396300,세아메카닉스,KOSDAQ,금속,3485,50,1.46,92315907500
100700,세운메디칼,KOSDAQ,제약,2895,-15,-0.52,126801000000
024830,세원물산,KOSDAQ,운송장비·부품,7260,-30,-0.41,60621000000
258830,세종메디칼,KOSDAQ,의료·정밀기기,412,0,0.0,22983976612
036630,세종텔레콤,KOSDAQ,통신서비스,604,-4,-0.66,120800000000
039310,세중,KOSDAQ,소프트웨어,1950,-8,-0.41,35337250650
067770,세진티에스,KOSDAQ,IT부품,2815,0,0.0,23636409295
053450,세코닉스,KOSDAQ,의료·정밀기기,6950,-190,-2.66,102809980850
222810,세토피아,KOSDAQ,금속,1080,0,0.0,81712098000
252500,세화피앤씨,KOSDAQ,화학,1176,-47,-3.84,48787994640
321370,센서뷰,KOSDAQ,IT부품,3590,-30,-0.83,94574044550
347000,센코,KOSDAQ,의료·정밀기기,2885,-30,-1.03,95219355760
331920,셀레믹스,KOSDAQ,제약,3550,70,2.01,28982725400
049180,셀루메드,KOSDAQ,제약,1573,-27,-1.69,77445780412
299660,셀리드,KOSDAQ,기타서비스,2525,0,0.0,34347516925
268600,셀리버리,KOSDAQ,기타서비스,6680,0,0.0,244941204600
108860,셀바스AI,KOSDAQ,소프트웨어,16510,160,0.98,444363182900
208370,셀바스헬스케어,KOSDAQ,의료·정밀기기,4380,-30,-0.68,112743670320
318160,셀바이오휴먼텍,KOSDAQ,섬유·의류,4395,-205,-4.46,40701659895
068760,셀트리온제약,KOSDAQ,제약,94600,2700,2.94,3935043373800
068940,셀피글로벌,KOSDAQ,정보기기,778,0,0.0,29766744466
060230,소니드,KOSDAQ,화학,1387,-70,-4.8,55980636263
290690,소룩스,KOSDAQ,일반전기전자,8530,-80,-0.93,249913219500
950200,소마젠,KOSDAQ,기타서비스,3995,-120,-2.92,76848031735
032680,소프트센,KOSDAQ,컴퓨터서비스,617,0,0.0,65149501388
032685,소프트센우,KOSDAQ,컴퓨터서비스,9470,-80,-0.84,3382134740
258790,소프트캠프,KOSDAQ,출판·매체복제,1298,60,4.85,32438686632
066910,손오공,KOSDAQ,유통,2555,-110,-4.13,86318781745
043100,솔고바이오,KOSDAQ,의료·정밀기기,395,0,0.0,26764887160
035610,솔본,KOSDAQ,기타서비스,4265,-50,-1.16,116630677205
357780,솔브레인,KOSDAQ,화학,315500,7000,2.27,2454137573000
036830,솔브레인홀딩스,KOSDAQ,기타서비스,78600,6100,8.41,1647774801600
304100,솔트룩스,KOSDAQ,소프트웨어,21100,250,1.2,255954984800
328380,솔트웨어,KOSDAQ,컴퓨터서비스,1218,-46,-3.64,41732063604
086980,쇼박스,KOSDAQ,오락·문화,3595,0,0.0,225183610000
050960,수산아이앤티,KOSDAQ,출판·매체복제,10730,150,1.42,72438230000
084180,수성웹툰,KOSDAQ,기계·장비,647,-14,-2.12,76003396031
253840,수젠텍,KOSDAQ,의료·정밀기기,5220,-130,-2.43,87307673760
298830,슈어소프트테크,KOSDAQ,소프트웨어,6430,60,0.94,338340562230
236200,슈프리마,KOSDAQ,일반전기전자,27400,800,3.01,197095680200
094840,슈프리마에이치큐,KOSDAQ,컴퓨터서비스,7120,-10,-0.14,74559500800
192440,슈피겐코리아,KOSDAQ,IT부품,29650,-200,-0.67,184315162950
424960,스마트레이더시스템,KOSDAQ,정보기기,11020,-150,-1.34,171574126800
136510,스마트솔루션즈,KOSDAQ,기계·장비,11600,0,0.0,666441355600
099440,스맥,KOSDAQ,기계·장비,3610,-35,-0.96,145278652340
033790,스카이문스테크놀로지,KOSDAQ,디지털컨텐츠,8050,-120,-1.47,137792655000
276040,스코넥,KOSDAQ,디지털컨텐츠,4490,-225,-4.77,56369588260
159910,스킨앤스킨,KOSDAQ,반도체,919,-43,-4.47,32546453006
115570,스타플렉스,KOSDAQ,화학,2570,40,1.58,20520185560
330730,스톤브릿지벤처스,KOSDAQ,금융,4070,10,0.25,73873878100
352090,스톰테크,KOSDAQ,화학,7570,-140,-1.82,101714297430
253450,스튜디오드래곤,KOSDAQ,오락·문화,41700,0,0.0,1253439366600
408900,스튜디오미르,KOSDAQ,방송서비스,3685,-70,-1.86,120522103790
204630,스튜디오산타클로스,KOSDAQ,오락·문화,155,0,0.0,19045963830
415380,스튜디오삼익,KOSDAQ,유통,11650,30,0.26,49227051700
013810,스페코,KOSDAQ,기계·장비,3785,5,0.13,55470953950
203690,스피어파워,KOSDAQ,종이·목재,7530,480,6.81,94620858030
049830,승일,KOSDAQ,금속,8260,-20,-0.24,50651245120
020710,시공테크,KOSDAQ,기타서비스,4110,-30,-0.72,82397156700
033170,시그네틱스,KOSDAQ,반도체,1475,22,1.51,126449270525
048870,시너지이노베이션,KOSDAQ,의료·정밀기기,2405,-10,-0.41,198913567320
025320,시노펙스,KOSDAQ,IT부품,10210,-210,-2.02,855781126560
269620,시스웍,KOSDAQ,의료·정밀기기,889,0,0.0,132090012299
429270,시지트로닉스,KOSDAQ,반도체,10980,80,0.73,49478625000
418250,시큐레터,KOSDAQ,소프트웨어,6550,0,0.0,52279100100
131090,시큐브,KOSDAQ,소프트웨어,900,-3,-0.33,39600000000
232830,시큐센,KOSDAQ,소프트웨어,2210,-30,-1.34,25873513120
290520,신도기연,KOSDAQ,기계·장비,2915,5,0.17,46434090230
001000,신라섬유,KOSDAQ,기타서비스,1285,-2,-0.16,31196638900
025870,신라에스지,KOSDAQ,유통,8220,70,0.86,32880000000
215600,신라젠,KOSDAQ,기타서비스,3645,-120,-3.19,374950670625
065350,신성델타테크,KOSDAQ,일반전기전자,65900,-1300,-1.93,1811192173200
416180,신성에스티,KOSDAQ,운송장비·부품,38050,250,0.66,343963552900
162300,신스틸,KOSDAQ,금속,3540,75,2.16,146808692280
290560,신시웨이,KOSDAQ,소프트웨어,8670,-90,-1.03,33622017240
002800,신신제약,KOSDAQ,제약,5230,-40,-0.76,79341715000
472220,신영스팩10호,KOSDAQ,금융,2190,-5,-0.23,10271100000
430220,신영스팩8호,KOSDAQ,금융,2395,15,0.63,16190200000
445970,신영스팩9호,KOSDAQ,금융,2265,0,0.0,12140400000
017000,신원종합개발,KOSDAQ,건설,2765,5,0.18,32262094655
012790,신일제약,KOSDAQ,제약,7200,0,0.0,86302188000
138070,신진에스엠,KOSDAQ,금속,2960,-75,-2.47,51809483840
226330,신테카바이오,KOSDAQ,출판·매체복제,7760,290,3.88,118405766000
418210,신한제10호스팩,KOSDAQ,금융,2595,-25,-0.95,9497700000
452980,신한제11호스팩,KOSDAQ,금융,1970,-5,-0.25,37242850000
474660,신한제12호스팩,KOSDAQ,금융,2120,5,0.24,11702400000
474930,신한제13호스팩,KOSDAQ,금융,2185,0,0.0,7909700000
056700,신화인터텍,KOSDAQ,IT부품,1985,-5,-0.25,57833155635
187270,신화콘텍,KOSDAQ,IT부품,4615,10,0.22,46813844675
243840,신흥에스이씨,KOSDAQ,IT부품,9420,130,1.4,366617309700
257720,실리콘투,KOSDAQ,유통,50700,-600,-1.17,3061734163800
222800,심텍,KOSDAQ,반도체,36900,750,2.07,1175417876700
036710,심텍홀딩스,KOSDAQ,IT부품,2540,15,0.59,122809368300
160980,싸이맥스,KOSDAQ,반도체,22050,400,1.85,240879558150
356890,싸이버원,KOSDAQ,소프트웨어,3590,-65,-1.78,42779606750
217330,싸이토젠,KOSDAQ,기타서비스,8050,-170,-2.07,180505971100
010280,쌍용정보통신,KOSDAQ,컴퓨터서비스,699,-47,-6.3,45521526414
208640,썸에이지,KOSDAQ,출판·매체복제,308,0,0.0,42885998232
222420,쎄노텍,KOSDAQ,비금속,994,-9,-0.9,45187469614
037760,쎄니트,KOSDAQ,금속,1511,11,0.73,51121543631
099320,쎄트렉아이,KOSDAQ,통신장비,53400,0,0.0,584798245200
049960,쎌바이오텍,KOSDAQ,제약,12890,-120,-0.92,121166000000
088280,쏘닉스,KOSDAQ,반도체,3400,0,0.0,58842066000
050890,쏠리드,KOSDAQ,통신장비,5430,-80,-1.45,332433505200
109670,씨싸이트,KOSDAQ,섬유·의류,31700,4650,17.19,181099595700
066790,씨씨에스,KOSDAQ,방송서비스,2730,45,1.68,177865066470
222080,씨아이에스,KOSDAQ,기계·장비,12130,190,1.59,866577825880
352480,씨앤씨인터내셔널,KOSDAQ,화학,116500,-1900,-1.6,1166624126500
264660,씨앤지하이테크,KOSDAQ,반도체,14040,20,0.14,135175659840
352700,씨앤투스,KOSDAQ,섬유·의류,2980,-20,-0.67,81285159020
458870,씨어스테크놀로지,KOSDAQ,의료·정밀기기,18500,1500,8.82,227436780000
297090,씨에스베어링,KOSDAQ,기계·장비,7740,0,0.0,211069800000
900120,씨엑스아이,KOSDAQ,금융,106,1,0.95,30552609596
359090,씨엔알리서치,KOSDAQ,기타서비스,1517,-40,-2.57,85529811647
115530,씨엔플러스,KOSDAQ,IT부품,408,-5,-1.21,27728904000
115480,씨유메디칼,KOSDAQ,의료·정밀기기,732,-4,-0.54,35300376456
340810,씨유박스,KOSDAQ,소프트웨어,5050,10,0.2,53771698050
376290,씨유테크,KOSDAQ,IT부품,3650,0,0.0,64449875000
189330,씨이랩,KOSDAQ,소프트웨어,10490,60,0.58,63908059160
096530,씨젠,KOSDAQ,제약,21300,50,0.24,1112413672200
101240,씨큐브,KOSDAQ,화학,5710,100,1.78,59046807370
060590,씨티씨바이오,KOSDAQ,제약,7850,-10,-0.13,189821007000
260930,씨티케이,KOSDAQ,화학,7460,-80,-1.06,144288268860
052300,씨티프라퍼티,KOSDAQ,유통,381,-6,-1.55,50540194830
013990,아가방컴퍼니,KOSDAQ,유통,5540,-400,-6.73,182196949440
123860,아나패스,KOSDAQ,반도체,26050,200,0.77,315814960750
025980,아난티,KOSDAQ,숙박·음식,5660,-10,-0.18,501642845480
125210,아모그린텍,KOSDAQ,IT부품,10990,-10,-0.09,181299722100
357580,아모센스,KOSDAQ,IT부품,10820,-290,-2.61,121403256480
052710,아모텍,KOSDAQ,IT부품,6750,-240,-3.43,98651985750
074430,아미노로직스,KOSDAQ,제약,1399,-2,-0.14,122869754756
092040,아미코젠,KOSDAQ,음식료·담배,7840,270,3.57,431343840480
083930,아바코,KOSDAQ,기계·장비,20600,450,2.23,307203638800
149950,아바텍,KOSDAQ,IT부품,13700,30,0.22,213822750000
036010,아비코전자,KOSDAQ,일반전기전자,9880,-10,-0.1,131334187920
050860,아세아텍,KOSDAQ,기계·장비,2595,25,0.97,58387500000
136410,아셈스,KOSDAQ,화학,7300,70,0.97,80439473800
246720,아스타,KOSDAQ,제약,6170,-160,-2.53,81468402350
067390,아스트,KOSDAQ,운송장비·부품,556,-9,-1.59,178575092544
159010,아스플로,KOSDAQ,기계·장비,10090,-50,-0.49,134547516510
127710,아시아경제,KOSDAQ,디지털컨텐츠,1235,6,0.49,43106541270
154030,아시아종묘,KOSDAQ,"농업, 임업 및 어업",2520,-15,-0.59,28024514280
227610,아우딘퓨쳐스,KOSDAQ,화학,1704,-55,-3.13,56738900808
143160,아이디스,KOSDAQ,통신장비,15730,0,0.0,168568814700
054800,아이디스홀딩스,KOSDAQ,기타서비스,9740,80,0.83,100787143440
332370,아이디피,KOSDAQ,정보기기,3090,-5,-0.16,41015813340
339950,아이비김영,KOSDAQ,기타서비스,1850,-8,-0.43,83151311750
099190,아이센스,KOSDAQ,의료·정밀기기,19330,50,0.26,534228487090
289010,아이스크림에듀,KOSDAQ,출판·매체복제,3200,-185,-5.47,41164918400
214430,아이쓰리시스템,KOSDAQ,일반전기전자,39050,-50,-0.13,277518978000
040910,아이씨디,KOSDAQ,반도체,8320,20,0.24,154537968000
368600,아이씨에이치,KOSDAQ,IT부품,4795,15,0.31,84096369070
456010,아이씨티케이,KOSDAQ,반도체,11210,-560,-4.76,148112080160
052860,아이앤씨,KOSDAQ,반도체,2590,45,1.77,46264791860
069920,아이에스이커머스,KOSDAQ,유통,2520,85,3.49,65082432240
038880,아이에이,KOSDAQ,반도체,279,-1,-0.36,87978381858
307180,아이엘사이언스,KOSDAQ,일반전기전자,3205,0,0.0,85578942090
101390,아이엠,KOSDAQ,IT부품,6940,-390,-5.32,69292992140
461030,아이엠비디엑스,KOSDAQ,기타서비스,11250,-240,-2.09,157699687500
451220,아이엠티,KOSDAQ,기계·장비,22600,1000,4.63,177966208600
078860,아이오케이,KOSDAQ,오락·문화,4385,-50,-1.13,21075726355
090150,아이윈,KOSDAQ,운송장비·부품,1150,0,0.0,48156586950
123010,아이윈플러스,KOSDAQ,반도체,1024,34,3.43,33442347008
031310,아이즈비전,KOSDAQ,통신장비,2655,-175,-6.18,60649110180
185490,아이진,KOSDAQ,기타서비스,2805,-10,-0.36,75818544120
059100,아이컴포넌트,KOSDAQ,IT부품,5200,-60,-1.14,36768472000
262840,아이퀘스트,KOSDAQ,소프트웨어,2715,-15,-0.55,52372350000
175250,아이큐어,KOSDAQ,제약,2110,-90,-4.09,79248156480
052460,아이크래프트,KOSDAQ,컴퓨터서비스,3125,30,0.97,45649800000
119830,아이텍,KOSDAQ,반도체,7510,80,1.08,160971570470
052770,아이톡시,KOSDAQ,유통,1684,116,7.4,74061459476
124500,아이티센,KOSDAQ,컴퓨터서비스,3990,-50,-1.24,92586062730
372800,아이티아이즈,KOSDAQ,소프트웨어,5540,60,1.09,33389524600
084850,아이티엠반도체,KOSDAQ,반도체,26400,0,0.0,598829457600
114840,아이패밀리에스씨,KOSDAQ,화학,39850,-1600,-3.86,685497468400
027360,아주IB투자,KOSDAQ,금융,3515,210,6.35,425123102090
032080,아즈텍WB,KOSDAQ,섬유·의류,1413,8,0.57,30366823977
013310,아진산업,KOSDAQ,운송장비·부품,3670,0,0.0,142420155940
059120,아진엑스텍,KOSDAQ,반도체,10290,-60,-0.58,100313052840
158430,아톤,KOSDAQ,소프트웨어,4000,0,0.0,90409896000
321820,아티스트유나이티드,KOSDAQ,출판·매체복제,14640,340,2.38,195684974400
001540,안국약품,KOSDAQ,제약,7520,-90,-1.18,98078998400
053800,안랩,KOSDAQ,소프트웨어,60400,-300,-0.49,604836842000
065660,안트로젠,KOSDAQ,유통,15010,-140,-0.92,146067908730
297570,알로이스,KOSDAQ,통신장비,1238,-5,-0.4,42861067884
260660,알리코제약,KOSDAQ,제약,4965,-15,-0.3,76098659265
354320,알멕,KOSDAQ,금속,37750,-150,-0.4,241274632750
361570,알비더블유,KOSDAQ,오락·문화,3330,-40,-1.19,95355519030
131370,알서포트,KOSDAQ,디지털컨텐츠,3760,20,0.53,200284232080
140670,알에스오토메이션,KOSDAQ,IT부품,17640,-510,-2.81,164107389600
096610,알에프세미,KOSDAQ,반도체,2965,0,0.0,51550708615
061040,알에프텍,KOSDAQ,통신장비,3865,-20,-0.51,124024986035
148250,알엔투테크놀로지,KOSDAQ,정보기기,4060,-185,-4.36,30008215160
347860,알체라,KOSDAQ,소프트웨어,1832,-168,-8.4,39480281504
196170,알테오젠,KOSDAQ,기타서비스,255000,-18500,-6.76,13552874640000
123750,알톤,KOSDAQ,운송장비·부품,1873,-15,-0.79,23873814281
085810,알티캐스트,KOSDAQ,소프트웨어,882,-10,-1.12,26182848258
117670,알파홀딩스,KOSDAQ,반도체,945,0,0.0,37743429465
314140,알피바이오,KOSDAQ,제약,7940,-50,-0.63,68810906340
291650,압타머사이언스,KOSDAQ,기타서비스,2595,-105,-3.89,44063753940
293780,압타바이오,KOSDAQ,기타서비스,6590,220,3.45,146949526940
196300,애니젠,KOSDAQ,제약,14120,90,0.64,84767824440
310200,애니플러스,KOSDAQ,오락·문화,2940,-10,-0.34,133831678260
299910,애닉,KOSDAQ,디지털컨텐츠,6880,0,0.0,32483121920
179530,애드바이오텍,KOSDAQ,제약,3075,-105,-3.3,28106865300
900100,애머릿지,KOSDAQ,유통,999,-11,-1.09,42155701101
205500,액션스퀘어,KOSDAQ,디지털컨텐츠,1475,9,0.61,76593977000
052790,액토즈소프트,KOSDAQ,디지털컨텐츠,8880,-190,-2.09,100616065440
290740,액트로,KOSDAQ,IT부품,7400,20,0.27,74481081400
238090,앤디포스,KOSDAQ,비금속,3635,30,0.83,85572636405
092600,앤씨앤,KOSDAQ,반도체,1490,39,2.69,37374440330
129890,앱코,KOSDAQ,정보기기,1268,-27,-2.08,64215843880
174900,앱클론,KOSDAQ,제약,15960,-110,-0.68,274738344720
255440,야스,KOSDAQ,IT부품,11400,-20,-0.18,148861200000
030960,양지사,KOSDAQ,출판·매체복제,9240,-20,-0.22,147655200000
102120,어보브반도체,KOSDAQ,반도체,14580,970,7.13,259243378740
263540,어스앤에어로스페이스,KOSDAQ,운송장비·부품,5950,0,0.0,85049841450
238120,얼라인드,KOSDAQ,의료·정밀기기,3925,-45,-1.13,56437166800
019990,에너토크,KOSDAQ,기계·장비,8580,310,3.75,83707235040
270660,에브리봇,KOSDAQ,일반전기전자,21300,-200,-0.93,260527584600
038680,에스넷,KOSDAQ,컴퓨터서비스,4920,-10,-0.2,96184410840
217480,에스디생명공학,KOSDAQ,화학,499,0,0.0,54756837359
121890,에스디시스템,KOSDAQ,정보기기,1978,3,0.15,25093145360
304360,에스바이오메딕스,KOSDAQ,제약,36750,-50,-0.14,419945043000
389500,에스비비테크,KOSDAQ,기계·장비,22150,-400,-1.77,136774123600
042110,에스씨디,KOSDAQ,일반전기전자,1618,-22,-1.34,78197234552
298060,에스씨엠생명과학,KOSDAQ,제약,2805,-50,-1.75,57410630640
065420,에스아이리소스,KOSDAQ,화학,197,1,0.51,14100727903
103230,에스앤더블류,KOSDAQ,기계·장비,4280,-5,-0.12,30816000000
260970,에스앤디,KOSDAQ,음식료·담배,48700,-3700,-7.06,140877119800
101490,에스앤에스텍,KOSDAQ,반도체,38500,500,1.32,825880709500
095910,에스에너지,KOSDAQ,IT부품,2055,35,1.73,40081753665
275630,에스에스알,KOSDAQ,소프트웨어,3595,-25,-0.69,21634670455
031330,에스에이엠티,KOSDAQ,유통,3505,65,1.89,350482709835
060540,에스에이티,KOSDAQ,통신장비,2055,-40,-1.91,53703943830
351320,에스에이티이엔지,KOSDAQ,IT부품,1534,-128,-7.7,33772369124
056190,에스에프에이,KOSDAQ,기계·장비,28200,300,1.08,1012627032000
080000,에스엔유,KOSDAQ,기계·장비,2290,-5,-0.22,78599372300
214310,에스엘에너지,KOSDAQ,반도체,306,0,0.0,22516276518
246250,에스엘에스바이오,KOSDAQ,기타서비스,4890,-105,-2.1,37526363670
041510,에스엠,KOSDAQ,오락·문화,80800,-500,-0.62,1906033377600
007820,에스엠코어,KOSDAQ,기계·장비,5080,-30,-0.59,101772445680
109610,에스와이,KOSDAQ,금속,4520,10,0.22,221061448000
365330,에스와이스틸텍,KOSDAQ,금속,2325,-25,-1.06,71168250000
031860,에스유홀딩스,KOSDAQ,유통,1743,173,11.02,26190938508
306040,에스제이그룹,KOSDAQ,섬유·의류,6640,-140,-2.06,65509097920
457940,에스케이증권제10호스팩,KOSDAQ,금융,2200,5,0.23,7282000000
472230,에스케이증권제11호스팩,KOSDAQ,금융,2100,-10,-0.47,8725500000
473000,에스케이증권제12호스팩,KOSDAQ,금융,2115,-25,-1.17,7000650000
435870,에스케이증권제8호스팩,KOSDAQ,금융,2150,10,0.47,7998000000
455910,에스케이증권제9호스팩,KOSDAQ,금융,2175,5,0.23,10918500000
096630,에스코넥,KOSDAQ,IT부품,2020,-45,-2.18,159685454100
069510,에스텍,KOSDAQ,일반전기전자,10000,70,0.7,109100000000
234300,에스트래픽,KOSDAQ,소프트웨어,3855,-35,-0.9,106136792910
039440,에스티아이,KOSDAQ,반도체,39700,2550,6.86,628451000000
098660,에스티오,KOSDAQ,섬유·의류,1905,-20,-1.04,23814359280
052020,에스티큐브,KOSDAQ,IT부품,6200,-240,-3.73,289504343800
237690,에스티팜,KOSDAQ,제약,92300,0,0.0,1796482711400
050760,에스폴리텍,KOSDAQ,화학,1668,-11,-0.66,27246242904
288620,에스퓨얼셀,KOSDAQ,일반전기전자,15370,-120,-0.77,107272086920
443670,에스피소프트,KOSDAQ,소프트웨어,15440,-340,-2.15,327282081440
317830,에스피시스템스,KOSDAQ,기계·장비,8060,-220,-2.66,86836973080
058610,에스피지,KOSDAQ,IT부품,25700,0,0.0,569958152000
043340,에쎈테크,KOSDAQ,기계·장비,705,-9,-1.26,66975000000
187660,에이디엠코리아,KOSDAQ,기타서비스,2825,-140,-4.72,61687406250
054630,에이디칩스,KOSDAQ,기타제조,158,0,0.0,12594094838
200710,에이디테크놀로지,KOSDAQ,반도체,30600,600,2.0,411289153200
096690,에이루트,KOSDAQ,정보기기,1711,27,1.6,57279470379
298380,에이비엘바이오,KOSDAQ,제약,22000,250,1.15,1057051358000
203400,에이비온,KOSDAQ,기타서비스,10170,80,0.79,247241202120
195990,에이비프로바이오,KOSDAQ,기계·장비,490,-8,-1.61,139497963290
003800,에이스침대,KOSDAQ,기타제조,26450,-400,-1.49,293330500000
088800,에이스테크,KOSDAQ,통신장비,1448,-26,-1.76,101252953704
241840,에이스토리,KOSDAQ,오락·문화,9350,-80,-0.85,89198943900
453860,에이에스텍,KOSDAQ,화학,43250,-2950,-6.39,244674548750
312610,에이에프더블류,KOSDAQ,일반전기전자,1708,-61,-3.45,34598764704
172670,에이엘티,KOSDAQ,반도체,19480,860,4.62,174545845320
445090,에이직랜드,KOSDAQ,반도체,49800,2350,4.95,531784519200
072990,에이치시티,KOSDAQ,기타서비스,9450,-110,-1.15,68865372450
239610,에이치엘사이언스,KOSDAQ,음식료·담배,14260,-40,-0.28,76891559900
462020,에이치엠씨제6호스팩,KOSDAQ,금융,2080,0,0.0,9037600000
148930,에이치와이티씨,KOSDAQ,IT부품,6080,-50,-0.82,61865295040
044780,에이치케이,KOSDAQ,기계·장비,1381,-26,-1.85,25556491847
357230,에이치피오,KOSDAQ,음식료·담배,3505,-70,-1.96,147523651935
355690,에이텀,KOSDAQ,일반전기전자,14510,-500,-3.33,78313662200
071670,에이테크솔루션,KOSDAQ,기계·장비,8820,0,0.0,88200000000
045660,에이텍,KOSDAQ,정보기기,15620,210,1.36,129021200000
224110,에이텍모빌리티,KOSDAQ,정보기기,14490,-80,-0.55,77376600000
021080,에이티넘인베스트,KOSDAQ,금융,2810,-30,-1.06,134880000000
089530,에이티세미콘,KOSDAQ,반도체,600,0,0.0,57896956200
200470,에이팩트,KOSDAQ,반도체,6180,50,0.82,261797734740
262260,에이프로,KOSDAQ,일반전기전자,10830,260,2.46,156690086160
397030,에이프릴바이오,KOSDAQ,기타서비스,14980,-100,-0.66,325390317000
230240,에치에프알,KOSDAQ,통신장비,13510,-120,-0.88,182236741260
230360,에코마케팅,KOSDAQ,기타서비스,14060,10,0.07,450876487740
038870,에코바이오,KOSDAQ,기타서비스,5230,100,1.95,73298183270
097780,에코볼트,KOSDAQ,운송장비·부품,1005,0,0.0,68068989690
448280,에코아이,KOSDAQ,기타서비스,26400,-200,-0.75,260753935200
101360,에코앤드림,KOSDAQ,화학,52500,4450,9.26,601402357500
128540,에코캡,KOSDAQ,운송장비·부품,2235,-35,-1.54,59653178100
086520,에코프로,KOSDAQ,금융,96100,2000,2.13,12794594474000
247540,에코프로비엠,KOSDAQ,일반전기전자,194100,2500,1.3,18983240870400
383310,에코프로에이치엔,KOSDAQ,화학,66200,800,1.22,1013186498400
038110,에코플라스틱,KOSDAQ,운송장비·부품,4445,-100,-2.2,182997849650
073540,에프알텍,KOSDAQ,통신장비,1662,-2,-0.12,18946800000
064850,에프앤가이드,KOSDAQ,기타서비스,7470,80,1.08,84784500000
036810,에프에스티,KOSDAQ,반도체,36050,-600,-1.64,784332243450
173940,에프엔씨엔터,KOSDAQ,오락·문화,3340,-45,-1.33,51411978720
083500,에프엔에스테크,KOSDAQ,기계·장비,15350,580,3.93,131637332700
054940,엑사이엔씨,KOSDAQ,건설,840,-1,-0.12,27865780320
950130,엑세스바이오,KOSDAQ,제약,6770,-180,-2.59,246196784190
205100,엑셈,KOSDAQ,소프트웨어,2290,-15,-0.65,164796256990
356680,엑스게이트,KOSDAQ,소프트웨어,5290,-50,-0.94,150995072680
070300,엑스큐어,KOSDAQ,소프트웨어,4580,40,0.88,33736618920
317770,엑스페릭스,KOSDAQ,일반전기전자,4110,-135,-3.18,93632400660
373200,엑스플러스,KOSDAQ,기타제조,1584,5,0.32,119917760688
092870,엑시콘,KOSDAQ,반도체,19040,240,1.28,206561094880
317870,엔바이오니아,KOSDAQ,기타제조,17080,970,6.02,145295290000
067570,엔브이에이치코리아,KOSDAQ,운송장비·부품,2665,-30,-1.11,112383050000
236810,엔비티,KOSDAQ,기타서비스,5720,-230,-3.87,97099436720
333620,엔시스,KOSDAQ,일반전기전자,12150,50,0.41,128259579600
101400,엔시트론,KOSDAQ,반도체,490,-5,-1.01,29001249760
422040,엔에이치스팩23호,KOSDAQ,금융,2145,0,0.0,15358200000
437780,엔에이치스팩24호,KOSDAQ,금융,2235,5,0.22,11242050000
438580,엔에이치스팩25호,KOSDAQ,금융,2325,15,0.65,7021500000
439410,엔에이치스팩26호,KOSDAQ,금융,2090,0,0.0,18392000000
440820,엔에이치스팩27호,KOSDAQ,금융,2125,20,0.95,16575000000
451700,엔에이치스팩29호,KOSDAQ,금융,2010,0,0.0,28843500000
466910,엔에이치스팩30호,KOSDAQ,금융,2020,0,0.0,18382000000
265740,엔에프씨,KOSDAQ,화학,8570,-90,-1.04,76545526000
354200,엔젠바이오,KOSDAQ,기타서비스,3020,0,0.0,38925465540
455900,엔젤로보틱스,KOSDAQ,기계·장비,36750,-1600,-4.17,549242751750
419080,엔젯,KOSDAQ,기계·장비,12260,-390,-3.08,128948436420
208860,엔지스테크널러지,KOSDAQ,소프트웨어,2205,0,0.0,41831348265
183490,엔지켐생명과학,KOSDAQ,제약,1868,10,0.54,158902469816
182400,엔케이맥스,KOSDAQ,제약,2020,0,0.0,172748038620
348370,엔켐,KOSDAQ,화학,271000,1500,0.56,5509578237000
058450,엔터파트너즈,KOSDAQ,화학,4275,80,1.91,51089943600
069410,엔텔스,KOSDAQ,소프트웨어,4580,-50,-1.08,46921293920
227950,엔투텍,KOSDAQ,기계·장비,614,1,0.16,63595375420
291230,엔피,KOSDAQ,기타서비스,2360,10,0.43,104036807480
198080,엔피디,KOSDAQ,IT부품,2775,50,1.83,59760138375
048830,엔피케이,KOSDAQ,화학,1419,-15,-1.05,26569246737
096870,엘디티,KOSDAQ,반도체,2890,45,1.58,19300576000
290650,엘앤씨바이오,KOSDAQ,제약,21350,-350,-1.61,484322422850
156100,엘앤케이바이오,KOSDAQ,의료·정밀기기,8930,110,1.25,178035114990
073110,엘엠에스,KOSDAQ,IT부품,7250,-240,-3.2,64494223750
083310,엘오티베큠,KOSDAQ,반도체,16470,100,0.61,293331243510
037950,엘컴텍,KOSDAQ,IT부품,1261,-3,-0.24,106488321459
170920,엘티씨,KOSDAQ,반도체,13920,290,2.13,136494230400
058630,엠게임,KOSDAQ,디지털컨텐츠,5870,-120,-2.0,114722557990
058970,엠로,KOSDAQ,소프트웨어,60700,400,0.66,680575684000
019590,엠벤처투자,KOSDAQ,금융,921,0,0.0,104963185182
169330,엠브레인,KOSDAQ,기타서비스,2590,-15,-0.58,47285417620
373170,엠아이큐브솔루션,KOSDAQ,소프트웨어,10660,-40,-0.37,53704333800
179290,엠아이텍,KOSDAQ,의료·정밀기기,8510,-40,-0.47,275431919780
009780,엠에스씨,KOSDAQ,음식료·담배,6940,-370,-5.06,122144000000
123040,엠에스오토텍,KOSDAQ,운송장비·부품,4390,-65,-1.46,200439836030
323230,엠에프엠코리아,KOSDAQ,섬유·의류,331,-23,-6.5,14323856852
032790,엠젠솔루션,KOSDAQ,정보기기,1513,0,0.0,63177679819
033160,엠케이전자,KOSDAQ,반도체,11430,20,0.18,252218163330
347890,엠투아이,KOSDAQ,정보기기,6740,10,0.15,113994994960
033310,엠투엔,KOSDAQ,금속,2620,0,0.0,105696645220
259630,엠플러스,KOSDAQ,기계·장비,11900,100,0.85,146160583800
060850,영림원소프트랩,KOSDAQ,소프트웨어,8850,-10,-0.11,71959350000
143540,영우디에스피,KOSDAQ,반도체,872,21,2.47,38891108440
036560,영풍정밀,KOSDAQ,기계·장비,11550,-70,-0.6,181912500000
265560,영화테크,KOSDAQ,운송장비·부품,8990,-60,-0.66,96104718200
036000,예림당,KOSDAQ,출판·매체복제,1882,10,0.53,43350509314
250930,예선테크,KOSDAQ,화학,661,-7,-1.05,21813290840
053280,예스24,KOSDAQ,인터넷,4470,-20,-0.45,111750000000
122640,예스티,KOSDAQ,반도체,19500,-430,-2.16,400802922000
900300,오가닉티코스메틱,KOSDAQ,금융,129,-10,-7.19,31638989049
045060,오공,KOSDAQ,화학,2960,-35,-1.17,50148243040
080520,오디텍,KOSDAQ,반도체,4365,15,0.34,51273948285
039830,오로라,KOSDAQ,기타서비스,6720,-90,-1.32,72326620800
322310,오로스테크놀로지,KOSDAQ,기계·장비,24800,100,0.4,232290241600
046120,오르비텍,KOSDAQ,기타서비스,2815,20,0.72,77270303090
014940,오리엔탈정공,KOSDAQ,기계·장비,3630,155,4.46,165432389430
065500,오리엔트정공,KOSDAQ,운송장비·부품,1480,-19,-1.27,46979509760
010470,오리콤,KOSDAQ,기타서비스,8150,10,0.12,97596657500
417860,오브젠,KOSDAQ,소프트웨어,11720,-110,-0.93,45764842000
352910,오비고,KOSDAQ,소프트웨어,6930,-20,-0.29,87579967860
053980,오상자이엘,KOSDAQ,소프트웨어,4520,70,1.57,85802179160
036220,오상헬스케어,KOSDAQ,제약,15210,1440,10.46,220384017360
052420,오성첨단소재,KOSDAQ,IT부품,1489,-14,-0.93,125601670604
039200,오스코텍,KOSDAQ,제약,33400,200,0.6,1268998431000
226400,오스테오닉,KOSDAQ,의료·정밀기기,4575,-155,-3.28,94526824575
031510,오스템,KOSDAQ,운송장비·부품,1413,0,0.0,39564000000
368970,오에스피,KOSDAQ,음식료·담배,4400,0,0.0,41123104000
138080,오이솔루션,KOSDAQ,통신장비,10490,-270,-2.51,111446756550
080580,오킨스전자,KOSDAQ,반도체,6880,80,1.18,121633570240
067170,오텍,KOSDAQ,운송장비·부품,4570,95,2.12,70339634850
353590,오토앤,KOSDAQ,유통,4845,-25,-0.51,62382136650
173130,오파스넷,KOSDAQ,소프트웨어,9850,100,1.03,128507759050
440320,오픈놀,KOSDAQ,소프트웨어,6720,350,5.49,65889600000
049480,오픈베이스,KOSDAQ,컴퓨터서비스,2455,-45,-1.8,77141950265
394280,오픈엣지테크놀로지,KOSDAQ,소프트웨어,23000,1450,6.73,502383411000
309930,오하임앤컴퍼니,KOSDAQ,유통,2365,-75,-3.07,50353191350
244460,올리패스,KOSDAQ,제약,612,-32,-4.97,19119247812
226950,올릭스,KOSDAQ,기타서비스,13260,-10,-0.08,220015184220
057540,옴니시스템,KOSDAQ,의료·정밀기기,1021,-40,-3.77,62739791455
131030,옵투스제약,KOSDAQ,제약,7550,1220,19.27,121956373100
082210,옵트론텍,KOSDAQ,IT부품,3340,-55,-1.62,90994255260
109080,옵티시스,KOSDAQ,통신장비,9190,0,0.0,51794840000
380540,옵티코어,KOSDAQ,통신장비,1199,-5,-0.42,35211148104
153710,옵티팜,KOSDAQ,제약,6650,10,0.15,97555220700
432430,와이랩,KOSDAQ,디지털컨텐츠,13400,-1480,-9.95,216039088000
338840,와이바이오로직스,KOSDAQ,기타서비스,10450,870,9.08,154341442200
122990,와이솔,KOSDAQ,반도체,8430,150,1.81,237615912630
232140,와이씨,KOSDAQ,반도체,19530,250,1.3,1602345685500
112290,와이씨켐,KOSDAQ,반도체,27000,200,0.75,272984715000
065530,와이어블,KOSDAQ,통신서비스,1863,-15,-0.8,98478180000
067900,와이엔텍,KOSDAQ,기타서비스,7870,110,1.42,143231316330
007530,와이엠,KOSDAQ,금속,2900,5,0.17,55605910800
155650,와이엠씨,KOSDAQ,IT부품,4455,5,0.11,86758264890
273640,와이엠텍,KOSDAQ,일반전기전자,12900,-160,-1.23,141461400000
251370,와이엠티,KOSDAQ,화학,10090,20,0.2,164612941760
066430,와이오엠,KOSDAQ,유통,592,-6,-1.0,23178857792
273060,와이즈버즈,KOSDAQ,기타서비스,1200,1,0.08,60551498400
019210,와이지-원,KOSDAQ,금속,5440,-30,-0.55,182641575360
122870,와이지엔터테인먼트,KOSDAQ,오락·문화,40000,-400,-0.99,747641960000
332570,와이팜,KOSDAQ,IT부품,3165,0,0.0,128542373160
079000,와토스코리아,KOSDAQ,화학,6440,130,2.06,46368000000
403490,우듬지팜,KOSDAQ,음식료·담배,2445,-40,-1.61,110544474480
032820,우리기술,KOSDAQ,일반전기전자,2310,100,4.52,362287895970
041190,우리기술투자,KOSDAQ,금융,8140,0,0.0,683760000000
115440,우리넷,KOSDAQ,통신장비,6870,60,0.88,73881621930
046970,우리로,KOSDAQ,유통,1455,6,0.41,63765373545
082850,우리바이오,KOSDAQ,음식료·담배,2860,-75,-2.56,138528613080
215360,우리산업,KOSDAQ,운송장비·부품,15660,60,0.38,143009672580
072470,우리산업홀딩스,KOSDAQ,운송장비·부품,3735,15,0.4,70544218635
073560,우리손에프앤지,KOSDAQ,음식료·담배,1489,-31,-2.04,103094850427
037400,우리엔터프라이즈,KOSDAQ,유통,1436,2,0.14,37656724856
153490,우리이앤엘,KOSDAQ,반도체,1001,-2,-0.2,51531480000
101170,우림피티에스,KOSDAQ,기계·장비,7820,20,0.26,105570000000
066590,우수AMS,KOSDAQ,운송장비·부품,3065,-15,-0.49,119759063760
103840,우양,KOSDAQ,음식료·담배,9850,-40,-0.4,161209315800
046940,우원개발,KOSDAQ,건설,2840,-30,-1.05,51331154000
215380,우정바이오,KOSDAQ,기타서비스,1201,3,0.25,16868247969
065680,우주일렉트로,KOSDAQ,IT부품,14990,-70,-0.46,142854700000
018620,우진비앤지,KOSDAQ,제약,1174,9,0.77,33916029982
457550,우진엔텍,KOSDAQ,기타서비스,41350,950,2.35,383369867650
396470,워트,KOSDAQ,반도체,12850,510,4.13,207142000000
307280,원바이오젠,KOSDAQ,제약,1606,1,0.06,59356174878
032940,원익,KOSDAQ,유통,5000,-640,-11.35,90966150000
240810,원익IPS,KOSDAQ,반도체,36500,-450,-1.22,1791562386500
074600,원익QnC,KOSDAQ,비금속,38550,250,0.65,1013402400000
104830,원익머트리얼즈,KOSDAQ,반도체,34750,-1200,-3.34,438128000000
014190,원익큐브,KOSDAQ,유통,1812,7,0.39,64144629672
217820,원익피앤이,KOSDAQ,기계·장비,4540,10,0.22,215443697860
030530,원익홀딩스,KOSDAQ,화학,3500,-5,-0.14,270332933500
012620,원일특강,KOSDAQ,금속,8190,-180,-2.15,36036000000
382840,원준,KOSDAQ,기계·장비,15000,230,1.56,229073715000
336570,원텍,KOSDAQ,의료·정밀기기,8310,350,4.4,742420543890
376980,원티드랩,KOSDAQ,소프트웨어,6180,-30,-0.48,59685859080
008370,원풍,KOSDAQ,화학,4265,-55,-1.27,51180000000
008290,원풍물산,KOSDAQ,섬유·의류,595,-7,-1.16,24212739005
101160,월덱스,KOSDAQ,반도체,23600,-200,-0.84,389659434800
064090,웨스트라이즈,KOSDAQ,유통,5160,160,3.2,188479655400
336060,웨이버스,KOSDAQ,출판·매체복제,1904,149,8.49,91687500800
095270,웨이브일렉트로,KOSDAQ,IT부품,5500,90,1.66,82341908000
065950,웰크론,KOSDAQ,섬유·의류,2325,-135,-5.49,65637777150
076080,웰크론한텍,KOSDAQ,건설,1641,-304,-15.63,37077009996
043590,웰킵스하이텍,KOSDAQ,반도체,982,2,0.2,26648300284
196700,웹스,KOSDAQ,화학,1486,-21,-1.39,21345117984
069080,웹젠,KOSDAQ,디지털컨텐츠,16140,-200,-1.22,564107267760
053580,웹케시,KOSDAQ,금융,8070,-60,-0.74,110044521360
071460,위니아,KOSDAQ,일반전기전자,613,0,0.0,22047951835
377460,위니아에이드,KOSDAQ,유통,1691,0,0.0,26030247855
044340,위닉스,KOSDAQ,일반전기전자,9150,100,1.1,163541838750
330350,위더스제약,KOSDAQ,제약,7820,-40,-0.51,103240726980
348350,위드텍,KOSDAQ,의료·정밀기기,8770,-170,-1.9,89310172000
112040,위메이드,KOSDAQ,디지털컨텐츠,41150,-1550,-3.63,1396980075450
101730,위메이드맥스,KOSDAQ,디지털컨텐츠,9660,-200,-2.03,321632520720
123420,위메이드플레이,KOSDAQ,디지털컨텐츠,9040,-190,-2.06,103687371680
065370,위세아이텍,KOSDAQ,출판·매체복제,6230,-130,-2.04,46002033420
038620,위즈코프,KOSDAQ,유통,766,-4,-0.52,50974592190
299900,위지윅스튜디오,KOSDAQ,오락·문화,1917,42,2.24,327900710628
036090,위지트,KOSDAQ,기계·장비,734,4,0.55,86899936456
136540,윈스,KOSDAQ,소프트웨어,13690,-140,-1.01,186788577780
320000,윈텍,KOSDAQ,기계·장비,4820,-175,-3.5,89165893360
097800,윈팩,KOSDAQ,반도체,1499,179,13.56,171578283170
192390,윈하이텍,KOSDAQ,금속,3250,125,4.0,35506220750
335870,윙스풋,KOSDAQ,유통,1395,-10,-0.71,23270583690
900340,윙입푸드,KOSDAQ,금융,1882,-82,-4.18,90285991496
036200,유니셈,KOSDAQ,반도체,10900,210,1.96,334240030700
018000,유니슨,KOSDAQ,기계·장비,736,-34,-4.42,123936113824
203450,유니온커뮤니티,KOSDAQ,일반전기전자,2835,25,0.89,39913984845
011320,유니크,KOSDAQ,운송장비·부품,4620,0,0.0,89261610900
086390,유니테스트,KOSDAQ,반도체,14400,-120,-0.83,304331414400
241690,유니테크노,KOSDAQ,운송장비·부품,3320,-15,-0.45,81242743920
142210,유니트론텍,KOSDAQ,유통,6860,-80,-1.15,132028191120
048430,유라테크,KOSDAQ,일반전기전자,7800,0,0.0,89856000000
206650,유바이오로직스,KOSDAQ,제약,12520,-360,-2.8,456783523640
089850,유비벨록스,KOSDAQ,소프트웨어,9670,-130,-1.33,142441024330
084440,유비온,KOSDAQ,소프트웨어,1070,-12,-1.11,21092696000
032620,유비케어,KOSDAQ,소프트웨어,4815,-65,-1.33,251329224285
264450,유비쿼스,KOSDAQ,통신장비,15600,300,1.96,159833013600
078070,유비쿼스홀딩스,KOSDAQ,금융,11100,130,1.19,201472770000
024800,유성티엔에스,KOSDAQ,운송,2205,15,0.68,81699245460
054930,유신,KOSDAQ,기타서비스,28500,-450,-1.55,85500000000
069330,유아이디,KOSDAQ,IT부품,1487,9,0.61,21102152317
049520,유아이엘,KOSDAQ,IT부품,5980,-60,-0.99,130273917280
435380,유안타제10호스팩,KOSDAQ,금융,2165,5,0.23,12405450000
444920,유안타제11호스팩,KOSDAQ,금융,2145,10,0.47,11239800000
446150,유안타제12호스팩,KOSDAQ,금융,2380,0,0.0,11352600000
449020,유안타제13호스팩,KOSDAQ,금융,2040,-10,-0.49,19849200000
450940,유안타제14호스팩,KOSDAQ,금융,2160,10,0.47,9806400000
473050,유안타제15호스팩,KOSDAQ,금융,2030,-5,-0.25,14230300000
474490,유안타제16호스팩,KOSDAQ,금융,2035,-5,-0.25,11212850000
430700,유안타제9호스팩,KOSDAQ,금융,2170,-5,-0.23,11370800000
263770,유에스티,KOSDAQ,금속,3020,-35,-1.15,71574519440
388720,유일로보틱스,KOSDAQ,기계·장비,28500,300,1.06,276980157000
340930,유일에너테크,KOSDAQ,기계·장비,3420,-10,-0.29,116979219000
023410,유진기업,KOSDAQ,비금속,3570,45,1.28,275999780910
056080,유진로봇,KOSDAQ,기계·장비,7610,-150,-1.93,285467476720
468760,유진스팩10호,KOSDAQ,금융,2160,5,0.23,9158400000
388800,유진스팩7호,KOSDAQ,금융,2085,0,0.0,10445850000
413630,유진스팩8호,KOSDAQ,금융,3960,-90,-2.22,23443200000
442130,유진스팩9호,KOSDAQ,금융,2340,-10,-0.43,8096400000
084370,유진테크,KOSDAQ,반도체,54700,600,1.11,1253507497400
240600,유진테크놀로지,KOSDAQ,금속,9280,0,0.0,64293241280
221800,유투바이오,KOSDAQ,기타서비스,3800,-100,-2.56,42891344800
179900,유티아이,KOSDAQ,IT부품,30900,-500,-1.59,503265055500
263050,유틸렉스,KOSDAQ,제약,1937,-48,-2.42,71279387946
191410,육일씨엔에쓰,KOSDAQ,IT부품,2350,-140,-5.62,26243347700
372170,윤성에프앤씨,KOSDAQ,기계·장비,78800,-100,-0.13,628748982400
146060,율촌,KOSDAQ,금속,1590,35,2.25,38184796050
072770,율호,KOSDAQ,소프트웨어,2170,5,0.23,149996467320
039020,이건홀딩스,KOSDAQ,종이·목재,2220,-5,-0.22,50138053980
067920,이글루,KOSDAQ,소프트웨어,5960,130,2.23,65536869240
044960,이글벳,KOSDAQ,유통,5450,-110,-1.98,68898262350
303530,이노뎁,KOSDAQ,소프트웨어,9420,-10,-0.11,69136196580
296640,이노룰스,KOSDAQ,소프트웨어,7850,-10,-0.13,40649278200
302430,이노메트리,KOSDAQ,기계·장비,11160,10,0.09,109738601280
274400,이노시뮬레이션,KOSDAQ,디지털컨텐츠,8070,10,0.12,63105995820
056090,이노시스,KOSDAQ,의료·정밀기기,1780,-38,-2.09,166990701780
073490,이노와이어리스,KOSDAQ,통신장비,22350,-150,-0.67,169945958100
215790,이노인스트루먼트,KOSDAQ,통신장비,610,10,1.67,24572720890
344860,이노진,KOSDAQ,화학,2090,0,0.0,25142700000
088390,이녹스,KOSDAQ,운송장비·부품,22000,400,1.85,206488568000
272290,이녹스첨단소재,KOSDAQ,IT부품,35750,50,0.14,722209273500
053350,이니텍,KOSDAQ,소프트웨어,3585,40,1.13,70950433860
452400,이닉스,KOSDAQ,운송장비·부품,14140,-300,-2.08,128269991920
264850,이랜시스,KOSDAQ,일반전기전자,6560,-140,-2.09,198732654720
054210,이랜텍,KOSDAQ,IT부품,7720,-50,-0.64,195248141200
009730,이렘,KOSDAQ,금속,1995,-5,-0.25,60960764130
164060,이루다,KOSDAQ,의료·정밀기기,7470,-140,-1.84,153974725110
065440,이루온,KOSDAQ,소프트웨어,1599,14,0.88,43612756980
115610,이미지스,KOSDAQ,반도체,2990,140,4.91,47074545050
078020,이베스트투자증권,KOSDAQ,금융,5010,15,0.3,277960761900
131400,이브이첨단소재,KOSDAQ,IT부품,2695,30,1.13,160594731990
351330,이삭엔지니어링,KOSDAQ,컴퓨터서비스,14560,430,3.04,120680851200
080010,이상네트웍스,KOSDAQ,인터넷,5630,-120,-2.09,56300000000
086890,이수앱지스,KOSDAQ,제약,6690,20,0.3,237854794890
047560,이스트소프트,KOSDAQ,소프트웨어,19970,-430,-2.11,231506858040
900110,이스트아시아홀딩스,KOSDAQ,금융,92,0,0.0,39737748600
239340,이스트에이드,KOSDAQ,인터넷,2245,-65,-2.81,60569278330
067010,이씨에스,KOSDAQ,정보기기,3330,60,1.83,40939020000
418620,이에이트,KOSDAQ,소프트웨어,17170,70,0.41,165698690090
102710,이엔에프테크놀로지,KOSDAQ,화학,30900,0,0.0,441494132400
041520,이엘씨,KOSDAQ,IT부품,6950,-40,-0.57,84711673500
063760,이엘피,KOSDAQ,반도체,3080,5,0.16,28721400400
123570,이엠넷,KOSDAQ,기타서비스,3150,-50,-1.56,70169645700
083470,이엠앤아이,KOSDAQ,IT부품,1767,-3,-0.17,37708361343
095190,이엠코리아,KOSDAQ,금속,2855,70,2.51,121568860635
091120,이엠텍,KOSDAQ,IT부품,37750,7300,23.97,646768334000
039030,이오테크닉스,KOSDAQ,반도체,182900,-5400,-2.87,2253245695000
294090,이오플로우,KOSDAQ,의료·정밀기기,16150,2500,18.32,491229495050
088290,이원컴포텍,KOSDAQ,운송장비·부품,1270,-41,-3.13,39791219630
181340,이즈미디어,KOSDAQ,의료·정밀기기,2705,0,0.0,54259503030
353810,이지바이오,KOSDAQ,음식료·담배,4435,-175,-3.8,151640278200
099750,이지케어텍,KOSDAQ,소프트웨어,17360,-640,-3.56,118651711360
377330,이지트로닉스,KOSDAQ,일반전기전자,6890,-40,-0.58,55877583060
035810,이지홀딩스,KOSDAQ,음식료·담배,3145,-100,-3.08,204883682525
160600,이큐셀,KOSDAQ,기계·장비,3100,0,0.0,106895911200
092130,이크레더블,KOSDAQ,기타서비스,13040,30,0.23,157048544000
096040,이트론,KOSDAQ,정보기기,271,0,0.0,245561580945
134060,이퓨쳐,KOSDAQ,출판·매체복제,5220,-50,-0.95,24895485000
001840,이화공영,KOSDAQ,건설,2540,20,0.79,50306630400
024810,이화전기,KOSDAQ,IT부품,899,0,0.0,181597539712
041830,인바디,KOSDAQ,의료·정밀기기,26450,500,1.93,361936033900
352940,인바이오,KOSDAQ,화학,2920,0,0.0,31733771600
079950,인베니아,KOSDAQ,기계·장비,908,2,0.22,21065600000
389470,인벤티지랩,KOSDAQ,기타서비스,10290,680,7.08,87007671240
277410,인산가,KOSDAQ,음식료·담배,1777,-65,-3.53,68160014053
060150,인선이엔티,KOSDAQ,기타서비스,7210,20,0.28,335723642520
033230,인성정보,KOSDAQ,컴퓨터서비스,2790,-175,-5.9,109410910200
450520,인스웨이브시스템즈,KOSDAQ,소프트웨어,20300,-450,-2.17,99500977800
037330,인지디스플레,KOSDAQ,IT부품,1826,0,0.0,80134419024
100030,인지소프트,KOSDAQ,소프트웨어,21300,-250,-1.16,69943108200
211050,인카금융서비스,KOSDAQ,금융,5600,-180,-3.11,287726880000
083640,인콘,KOSDAQ,통신장비,412,3,0.73,32020784612
216050,인크로스,KOSDAQ,기타서비스,8000,-20,-0.25,102745776000
049070,인탑스,KOSDAQ,IT부품,25650,2650,11.52,441180000000
119610,인터로조,KOSDAQ,의료·정밀기기,24900,0,0.0,329090302200
017250,인터엠,KOSDAQ,일반전기전자,1158,3,0.26,24370650786
051370,인터플렉스,KOSDAQ,IT부품,14530,-670,-4.41,338948168160
064290,인텍플러스,KOSDAQ,반도체,22950,50,0.22,295227927900
189300,인텔리안테크,KOSDAQ,일반전기전자,56600,100,0.18,607506704400
150840,인트로메딕,KOSDAQ,의료·정밀기기,5850,0,0.0,244813584600
048530,인트론바이오,KOSDAQ,제약,6000,300,5.26,204904572000
115310,인포바인,KOSDAQ,통신서비스,21000,-350,-1.64,67050543000
039290,인포뱅크,KOSDAQ,통신서비스,9070,190,2.14,78854380460
071200,인피니트헬스케어,KOSDAQ,소프트웨어,5240,-20,-0.38,127837439920
101930,인화정공,KOSDAQ,운송장비·부품,17290,-150,-0.86,156773150170
333430,일승,KOSDAQ,운송장비·부품,3010,0,0.0,92487508470
068330,일신바이오,KOSDAQ,기계·장비,1270,-10,-0.78,56154497800
178780,일월지엠엘,KOSDAQ,유통,8650,0,0.0,120790286750
019540,일지테크,KOSDAQ,운송장비·부품,5760,40,0.7,77837760000
094820,일진파워,KOSDAQ,건설,12750,380,3.07,192253539750
950140,잉글우드랩,KOSDAQ,화학,24000,-350,-1.44,476828784000
049550,잉크테크,KOSDAQ,화학,4160,0,0.0,81562112320
389020,자람테크놀로지,KOSDAQ,통신장비,84000,11200,15.38,520609320000
254120,자비스,KOSDAQ,기계·장비,2515,-95,-3.64,77346989050
043910,자연과환경,KOSDAQ,비금속,929,29,3.22,75612663553
234920,자이글,KOSDAQ,일반전기전자,6480,-70,-1.07,87680296800
289220,자이언트스텝,KOSDAQ,오락·문화,7410,90,1.23,163922130450
174880,장원테크,KOSDAQ,통신장비,2650,0,0.0,11610352250
049630,재영솔루텍,KOSDAQ,IT부품,692,19,2.82,57874193084
417840,저스템,KOSDAQ,반도체,12050,240,2.03,87352558750
110020,전진바이오팜,KOSDAQ,화학,3800,410,12.09,31296268000
208140,정다운,KOSDAQ,음식료·담배,3020,-5,-0.17,98706422920
040420,정상제이엘에스,KOSDAQ,기타서비스,6620,-10,-0.15,103785394240
045510,정원엔시스,KOSDAQ,컴퓨터서비스,1125,-2,-0.18,36235453500
217190,제너셈,KOSDAQ,반도체,12200,-150,-1.21,106983922800
095700,제넥신,KOSDAQ,기타서비스,6490,-160,-2.41,269403755060
072520,제넨바이오,KOSDAQ,유통,389,0,0.0,28849482466
122310,제노레이,KOSDAQ,의료·정밀기기,6450,50,0.78,93872293800
361390,제노코,KOSDAQ,통신장비,16050,-90,-0.56,120387663450
187420,제노포커스,KOSDAQ,제약,3650,-120,-3.18,83068269500
225220,제놀루션,KOSDAQ,제약,4005,30,0.75,76856034105
123330,제닉,KOSDAQ,화학,3255,50,1.56,22785000000
159580,제로투세븐,KOSDAQ,유통,6420,-540,-7.76,128609523120
147830,제룡산업,KOSDAQ,금속,7390,510,7.41,147800000000
033100,제룡전기,KOSDAQ,IT부품,71600,-800,-1.1,1150068484400
079370,제우스,KOSDAQ,기계·장비,18800,-10,-0.05,583119412000
054950,제이브이엠,KOSDAQ,기계·장비,29100,-500,-1.69,351815857200
023440,제이스코홀딩스,KOSDAQ,금속,1834,-36,-1.93,107386057114
090470,제이스텍,KOSDAQ,반도체,7210,30,0.42,126006242740
287410,제이시스메디칼,KOSDAQ,의료·정밀기기,12860,30,0.23,985562738140
137950,제이씨케미칼,KOSDAQ,화학,5330,50,0.95,118687448620
033320,제이씨현시스템,KOSDAQ,유통,4020,20,0.5,76840016640
417500,제이아이테크,KOSDAQ,반도체,4020,110,2.81,131794670880
204270,제이앤티씨,KOSDAQ,일반전기전자,28700,3300,12.99,1660250974200
026040,제이에스티나,KOSDAQ,기타제조,1910,-27,-1.39,31522238900
452160,제이엔비,KOSDAQ,기계·장비,9400,-10,-0.11,90404753800
126880,제이엔케이글로벌,KOSDAQ,기계·장비,4050,-40,-0.98,93979857150
322510,제이엘케이,KOSDAQ,소프트웨어,13040,-670,-4.89,211192084480
033050,제이엠아이,KOSDAQ,화학,953,-9,-0.94,31048112926
094970,제이엠티,KOSDAQ,IT부품,5900,-50,-0.84,98814616000
418550,제이오,KOSDAQ,기타서비스,23250,0,0.0,738705347250
420570,제이투케이바이오,KOSDAQ,화학,29500,-2400,-7.52,164436392500
089790,제이티,KOSDAQ,반도체,7570,70,0.93,78088433410
052670,제일바이오,KOSDAQ,제약,2080,0,0.0,60588453120
412540,제일엠앤에스,KOSDAQ,기계·장비,14320,50,0.35,295001522800
199820,제일일렉트릭,KOSDAQ,일반전기전자,9150,-60,-0.65,203313000000
038010,제일테크노스,KOSDAQ,금속,7500,50,0.67,67500000000
276730,제주맥주,KOSDAQ,음식료·담배,1445,166,12.98,84628001495
080220,제주반도체,KOSDAQ,반도체,22000,150,0.69,757742326000
216080,제테마,KOSDAQ,제약,15920,-310,-1.91,284311443280
229000,젠큐릭스,KOSDAQ,제약,2700,-35,-1.28,38998813500
082270,젬백스,KOSDAQ,기계·장비,10580,120,1.15,423138360920
064800,젬백스링크,KOSDAQ,유통,2895,-5,-0.17,333969070170
044060,조광ILI,KOSDAQ,기계·장비,732,0,0.0,70075958688
034940,조아제약,KOSDAQ,제약,1461,-13,-0.88,45261527247
067000,조이시티,KOSDAQ,디지털컨텐츠,2220,0,0.0,155185650120
033340,좋은사람들,KOSDAQ,섬유·의류,2110,0,0.0,204565677380
036930,주성엔지니어링,KOSDAQ,반도체,36600,900,2.52,1765921159200
072020,중앙백신,KOSDAQ,제약,10850,-300,-2.69,104796753950
000440,중앙에너비스,KOSDAQ,유통,20950,250,1.21,130458373500
051980,중앙첨단소재,KOSDAQ,통신장비,13120,-430,-3.17,1170537076800
228760,지노믹트리,KOSDAQ,기타서비스,21100,50,0.24,514045226300
314130,지놈앤컴퍼니,KOSDAQ,제약,8290,-210,-2.47,126200153910
389030,지니너스,KOSDAQ,기타서비스,1736,-14,-0.8,57864082920
043610,지니뮤직,KOSDAQ,디지털컨텐츠,2725,-145,-5.05,158364568550
263860,지니언스,KOSDAQ,소프트웨어,9570,-270,-2.74,90384822000
303030,지니틱스,KOSDAQ,반도체,1675,49,3.01,59873993900
036180,지더블유바이텍,KOSDAQ,유통,601,-17,-2.75,54970179525
208350,지란지교시큐리티,KOSDAQ,출판·매체복제,3870,-30,-0.77,34205184630
144510,지씨셀,KOSDAQ,기타서비스,31900,200,0.63,504030973600
358570,지아이이노베이션,KOSDAQ,기타서비스,10330,90,0.88,456553191920
382480,지아이텍,KOSDAQ,기계·장비,2750,15,0.55,108232135000
382800,지앤비에스 에코,KOSDAQ,기계·장비,5050,-10,-0.2,158344396300
051160,지어소프트,KOSDAQ,소프트웨어,11000,150,1.38,170218730000
053050,지에스이,KOSDAQ,전기·가스·수도,3820,-75,-1.93,114552620540
119850,지엔씨에너지,KOSDAQ,일반전기전자,7390,-80,-1.07,121557437510
065060,지엔코,KOSDAQ,섬유·의류,413,-2,-0.48,44607322172
204840,지엘팜텍,KOSDAQ,유통,1109,-17,-1.51,85059627946
270520,지오릿에너지,KOSDAQ,기타서비스,2345,10,0.43,346517212230
311320,지오엘리먼트,KOSDAQ,일반전기전자,11590,70,0.61,146202750400
388050,지투파워,KOSDAQ,일반전기전자,10100,170,1.71,188965313700
018120,진로발효,KOSDAQ,음식료·담배,15660,-80,-0.51,103686739200
109820,진매트릭스,KOSDAQ,기타서비스,2755,175,6.78,56184478200
086060,진바이오텍,KOSDAQ,유통,3980,-40,-1.0,34270136260
036890,진성티이씨,KOSDAQ,기계·장비,9030,-10,-0.11,203014880040
363250,진시스템,KOSDAQ,의료·정밀기기,8070,-170,-2.06,56368046160
007370,진양제약,KOSDAQ,제약,5570,70,1.27,66934004890
285800,진영,KOSDAQ,화학,3820,-10,-0.26,66763171400
085660,차바이오텍,KOSDAQ,제약,16550,220,1.35,932004031650
261780,차백신연구소,KOSDAQ,기타서비스,4880,55,1.14,130865730240
094850,참좋은여행,KOSDAQ,기타서비스,6690,-80,-1.18,93660000000
004650,창해에탄올,KOSDAQ,음식료·담배,9460,40,0.42,86945772100
278280,천보,KOSDAQ,화학,74200,-200,-0.27,742000000000
362320,청담글로벌,KOSDAQ,유통,12730,20,0.16,261617921700
066360,체리부로,KOSDAQ,음식료·담배,1186,-37,-3.03,56871089790
047820,초록뱀미디어,KOSDAQ,오락·문화,5400,0,0.0,132051222000
094360,칩스앤미디어,KOSDAQ,반도체,22800,1400,6.54,474767227200
016920,카스,KOSDAQ,유통,1374,0,0.0,36402121212
284620,카이노스메드,KOSDAQ,기타서비스,4675,95,2.07,130537201300
293490,카카오게임즈,KOSDAQ,디지털컨텐츠,21700,1350,6.63,1793409346400
140430,카티스,KOSDAQ,소프트웨어,6540,50,0.77,117216073380
042000,카페24,KOSDAQ,인터넷,37350,8600,29.91,905851566900
313760,캐리,KOSDAQ,일반전기전자,7190,650,9.94,52407054390
317530,캐리소프트,KOSDAQ,오락·문화,3190,-695,-17.89,22238115240
071850,캐스텍코리아,KOSDAQ,운송장비·부품,1417,-27,-1.87,23478539396
050110,캠시스,KOSDAQ,IT부품,1284,1,0.08,94790167512
452300,캡스톤파트너스,KOSDAQ,금융,4050,-20,-0.49,56946057750
119860,커넥트웨이브,KOSDAQ,인터넷,18000,0,0.0,815425092000
451760,컨텍,KOSDAQ,통신서비스,15160,60,0.4,226497616160
900310,컬러레이,KOSDAQ,금융,804,1,0.12,51489506700
078340,컴투스,KOSDAQ,디지털컨텐츠,36350,-1200,-3.2,463017394250
063080,컴투스홀딩스,KOSDAQ,디지털컨텐츠,25800,-750,-2.82,170155953600
307930,컴퍼니케이,KOSDAQ,금융,6540,-70,-1.06,102089400000
079190,케스피온,KOSDAQ,통신장비,709,-24,-3.27,27194059426
263700,케어랩스,KOSDAQ,기타서비스,3915,-85,-2.13,76006593000
214370,케어젠,KOSDAQ,제약,22950,100,0.44,1232759250000
221980,케이디켐,KOSDAQ,화학,12870,-90,-0.69,51927876000
038530,케이바이오,KOSDAQ,유통,246,-9,-3.53,28465729362
424140,케이비제21호스팩,KOSDAQ,금융,2190,-5,-0.23,16884900000
192250,케이사인,KOSDAQ,소프트웨어,1163,-13,-1.11,82190671891
115500,케이씨에스,KOSDAQ,컴퓨터서비스,7750,1310,20.34,93000000000
089150,케이씨티,KOSDAQ,컴퓨터서비스,2570,40,1.58,44075500000
025880,케이씨피드,KOSDAQ,음식료·담배,2685,-35,-1.29,44882078730
093320,케이아이엔엑스,KOSDAQ,인터넷,74200,-600,-0.8,362096000000
093640,케이알엠,KOSDAQ,반도체,7230,-200,-2.69,211494721860
073010,케이에스피,KOSDAQ,기계·장비,4340,65,1.52,174430025000
105330,케이엔더블유,KOSDAQ,운송장비·부품,7620,120,1.6,122377413360
053080,케이엔솔,KOSDAQ,기계·장비,18270,-690,-3.64,237506473890
199430,케이엔알시스템,KOSDAQ,의료·정밀기기,12120,10,0.08,131716681560
432470,케이엔에스,KOSDAQ,기계·장비,36000,-2400,-6.25,156142008000
272110,케이엔제이,KOSDAQ,반도체,22550,0,0.0,179845157250
039420,케이엘넷,KOSDAQ,통신서비스,2705,-15,-0.55,65338544650
083550,케이엠,KOSDAQ,섬유·의류,3820,-50,-1.29,47269543320
032500,케이엠더블유,KOSDAQ,통신장비,13400,-50,-0.37,533599832200
225430,케이엠제약,KOSDAQ,화학,801,-1,-0.12,22337527050
102370,케이옥션,KOSDAQ,유통,3630,25,0.69,98842032300
068100,케이웨더,KOSDAQ,디지털컨텐츠,5090,-80,-1.55,50592635260
036030,케이티알파,KOSDAQ,유통,5110,-100,-1.92,250488536130
064820,케이프,KOSDAQ,운송장비·부품,5830,210,3.74,180157074240
256940,케이피에스,KOSDAQ,반도체,6030,-40,-0.66,113054407740
024880,케이피에프,KOSDAQ,금속,5240,60,1.16,108377861520
042040,케이피엠테크,KOSDAQ,유통,341,-4,-1.16,59491172697
054410,케이피티유,KOSDAQ,금속,4365,-85,-1.91,24995928060
258610,케일럼,KOSDAQ,금속,1764,-40,-2.22,47252502612
274090,켄코아에어로스페이스,KOSDAQ,운송장비·부품,10620,-40,-0.38,137138460120
089010,켐트로닉스,KOSDAQ,화학,29750,1100,3.84,456196793500
220260,켐트로스,KOSDAQ,화학,7100,-100,-1.39,188563979700
052400,코나아이,KOSDAQ,소프트웨어,15660,-340,-2.13,233333984340
402030,코난테크놀로지,KOSDAQ,소프트웨어,21150,-100,-0.47,241568701200
391710,코닉오토메이션,KOSDAQ,소프트웨어,2920,-40,-1.35,121189408240
046070,코다코,KOSDAQ,운송장비·부품,257,0,0.0,10996016392
047770,코데즈컴바인,KOSDAQ,섬유·의류,1500,-26,-1.7,56763903000
080530,코디,KOSDAQ,화학,1904,0,0.0,77572253920
104540,코렌텍,KOSDAQ,의료·정밀기기,7960,-40,-0.5,101774490400
027050,코리아나,KOSDAQ,화학,3330,-185,-5.26,133200000000
190650,코리아에셋투자증권,KOSDAQ,금융,6160,-30,-0.48,39350080000
123410,코리아에프티,KOSDAQ,운송장비·부품,6360,-240,-3.64,177069167040
036690,코맥스,KOSDAQ,통신장비,2885,0,0.0,45885746130
049430,코메론,KOSDAQ,의료·정밀기기,9160,-140,-1.51,82879680000
183300,코미코,KOSDAQ,반도체,89400,400,0.45,935185149600
041960,코미팜,KOSDAQ,제약,4270,-25,-0.58,301481061280
089890,코세스,KOSDAQ,반도체,18650,930,5.25,309309541300
360350,코셈,KOSDAQ,의료·정밀기기,11870,-360,-2.94,67207583900
082660,코스나인,KOSDAQ,화학,548,-12,-2.14,47468236212
222040,코스맥스엔비티,KOSDAQ,음식료·담배,3725,-85,-2.23,76839300000
241710,코스메카코리아,KOSDAQ,화학,74700,2000,2.75,797796000000
355150,코스텍시스,KOSDAQ,반도체,14950,-50,-0.33,115216211500
166480,코아스템켐온,KOSDAQ,제약,13540,230,1.73,445064891040
045970,코아시아,KOSDAQ,IT부품,9280,240,2.65,244202049280
196450,코아시아씨엠,KOSDAQ,의료·정밀기기,1248,9,0.73,56558838336
384470,코어라인소프트,KOSDAQ,소프트웨어,10530,-550,-4.96,134984743920
029960,코엔텍,KOSDAQ,전기·가스·수도,6920,0,0.0,346000000000
102940,코오롱생명과학,KOSDAQ,제약,21000,-450,-2.1,239659476000
950160,코오롱티슈진,KOSDAQ,제약,13600,-230,-1.66,1064440992000
033290,코웰패션,KOSDAQ,유통,2655,-35,-1.3,149094979155
056360,코위버,KOSDAQ,통신장비,5700,0,0.0,55841760000
282880,코윈테크,KOSDAQ,기계·장비,20900,200,0.97,232863766300
121850,코이즈,KOSDAQ,IT부품,1171,1,0.09,35849198925
448710,코츠테크놀로지,KOSDAQ,정보기기,22150,100,0.45,114112192800
126730,코칩,KOSDAQ,일반전기전자,17120,-180,-1.04,145579235200
015710,코콤,KOSDAQ,통신장비,4115,-10,-0.24,72138007500
052330,코텍,KOSDAQ,정보기기,7460,60,0.81,116186157920
322780,코퍼스코리아,KOSDAQ,오락·문화,1364,-25,-1.8,51740084132
200130,콜마비앤에이치,KOSDAQ,제약,15690,-380,-2.36,461530105020
294570,쿠콘,KOSDAQ,소프트웨어,15250,-350,-2.24,156383946250
317690,퀀타매트릭스,KOSDAQ,의료·정밀기기,4140,-100,-2.36,68464881540
078940,퀀타피아,KOSDAQ,유통,2855,0,0.0,151584163690
227100,퀀텀온,KOSDAQ,기타서비스,1170,-71,-5.72,18346318380
432720,퀄리타스반도체,KOSDAQ,반도체,21550,650,3.11,236815967000
365270,큐라클,KOSDAQ,기타서비스,6610,280,4.42,91706928480
348080,큐라티스,KOSDAQ,기타서비스,1070,-20,-1.83,45102650700
060280,큐렉소,KOSDAQ,유통,10190,-290,-2.77,418706998100
372320,큐로셀,KOSDAQ,기타서비스,29850,-250,-0.83,420590231250
051780,큐로홀딩스,KOSDAQ,유통,341,-3,-0.87,46520055450
115180,큐리언트,KOSDAQ,기타서비스,3710,175,4.95,110608415190
445680,큐리옥스바이오시스템즈,KOSDAQ,의료·정밀기기,49150,-200,-0.41,394305481800
182360,큐브엔터,KOSDAQ,오락·문화,14550,20,0.14,200858195850
405100,큐알티,KOSDAQ,기타서비스,20450,350,1.74,251316205450
066310,큐에스아이,KOSDAQ,반도체,9320,40,0.43,86411507720
016600,큐캐피탈,KOSDAQ,금융,317,-4,-1.25,56504334504
355390,크라우드웍스,KOSDAQ,소프트웨어,18380,-10,-0.05,76315598000
096240,크레버스,KOSDAQ,기타서비스,17910,-30,-0.17,203066803800
040350,크레오에스지,KOSDAQ,컴퓨터서비스,834,-69,-7.64,122268931122
110790,크리스에프앤씨,KOSDAQ,섬유·의류,7670,30,0.39,179715463200
900250,크리스탈신소재,KOSDAQ,금융,1174,10,0.86,153371364696
045520,크린앤사이언스,KOSDAQ,기계·장비,6150,-50,-0.81,39975000000
036170,클라우드에어,KOSDAQ,반도체,873,9,1.04,53572191498
214150,클래시스,KOSDAQ,의료·정밀기기,55300,3500,6.76,3539173400700
352770,클리노믹스,KOSDAQ,기타서비스,1854,36,1.98,72094853502
237880,클리오,KOSDAQ,화학,42250,-900,-2.09,763514664250
139670,키네마스터,KOSDAQ,소프트웨어,4070,-75,-1.81,57463556700
413600,키움제6호스팩,KOSDAQ,금융,2250,-15,-0.66,7717500000
433530,키움제7호스팩,KOSDAQ,금융,2175,5,0.23,8928375000
446840,키움제8호스팩,KOSDAQ,금융,2175,10,0.46,12789000000
054780,키이스트,KOSDAQ,오락·문화,5960,-20,-0.33,116504846280
219130,타이거일렉,KOSDAQ,반도체,32600,950,3.0,205845854000
360070,탑머티리얼,KOSDAQ,일반전기전자,52500,0,0.0,423735007500
065130,탑엔지니어링,KOSDAQ,기계·장비,5490,-40,-0.72,94373001180
134580,탑코미디어,KOSDAQ,디지털컨텐츠,3255,25,0.77,71693871585
023160,태광,KOSDAQ,금속,12500,810,6.93,331250000000
323280,태성,KOSDAQ,기계·장비,13670,1670,13.92,352969379100
053620,태양,KOSDAQ,금속,7320,0,0.0,62952000000
044490,태웅,KOSDAQ,금속,18960,560,3.04,379339943760
124560,태웅로직스,KOSDAQ,운송,4025,405,11.19,154626750600
191420,테고사이언스,KOSDAQ,제약,15900,340,2.19,128930460600
073640,테라사이언스,KOSDAQ,금속,654,0,0.0,62514162216
066700,테라젠이텍스,KOSDAQ,제약,3810,65,1.74,123727597350
095610,테스,KOSDAQ,반도체,23850,250,1.06,471472190100
064520,테크엘,KOSDAQ,반도체,3770,-245,-6.1,84263503740
089030,테크윙,KOSDAQ,반도체,51600,1900,3.82,1927448082000
054450,텔레칩스,KOSDAQ,반도체,21950,900,4.28,332415914350
200230,텔콘RF제약,KOSDAQ,제약,780,-16,-2.01,90476038380
393210,토마토시스템,KOSDAQ,소프트웨어,10080,-1210,-10.72,157394603520
215480,토박스코리아,KOSDAQ,유통,3470,25,0.73,32618000000
051360,토비스,KOSDAQ,정보기기,23150,900,4.04,374267392700
045340,토탈소프트,KOSDAQ,소프트웨어,5270,-30,-0.57,45100870800
108230,톱텍,KOSDAQ,기계·장비,8520,100,1.19,323958047400
079970,투비소프트,KOSDAQ,소프트웨어,265,-1,-0.38,20803825795
199800,툴젠,KOSDAQ,기타서비스,70300,-1100,-1.54,558249347400
417790,트루엔,KOSDAQ,정보기기,10370,-140,-1.33,114066370500
105550,트루윈,KOSDAQ,일반전기전자,2685,-65,-2.36,153086861835
290090,트윔,KOSDAQ,소프트웨어,10140,-160,-1.55,75322637520
026150,특수건설,KOSDAQ,건설,7250,-50,-0.68,127210899750
322180,티라유텍,KOSDAQ,소프트웨어,5020,30,0.6,82927764500
117730,티로보틱스,KOSDAQ,기계·장비,15210,-500,-3.18,271301682600
033830,티비씨,KOSDAQ,방송서비스,848,1,0.12,84800000000
057680,티사이언티픽,KOSDAQ,디지털컨텐츠,1018,-3,-0.29,72530974018
204610,티쓰리,KOSDAQ,디지털컨텐츠,1182,4,0.34,79751573040
064760,티씨케이,KOSDAQ,반도체,138100,-3900,-2.75,1612317500000
246710,티앤알바이오팹,KOSDAQ,제약,6300,-240,-3.67,135745016400
340570,티앤엘,KOSDAQ,제약,70200,100,0.14,570585600000
043220,티에스넥스젠,KOSDAQ,기계·장비,531,-11,-2.03,74475756522
277880,티에스아이,KOSDAQ,기계·장비,7890,-120,-1.5,159068964480
131290,티에스이,KOSDAQ,반도체,55500,-1200,-2.12,613909309500
425420,티에프이,KOSDAQ,반도체,31850,250,0.79,362484850000
131100,티엔엔터테인먼트,KOSDAQ,방송서비스,1747,-19,-1.08,49000296244
356860,티엘비,KOSDAQ,일반전기전자,24850,400,1.64,244340855500
062860,티엘아이,KOSDAQ,반도체,5800,0,0.0,57261776000
321550,티움바이오,KOSDAQ,기타서비스,5980,-460,-7.14,155393248140
425040,티이엠씨,KOSDAQ,반도체,16800,60,0.36,357817521600
241790,티이엠씨씨엔에스,KOSDAQ,반도체,10730,-60,-0.56,107328262820
104480,티케이케미칼,KOSDAQ,화학,1743,25,1.46,158430741462
081150,티플랙스,KOSDAQ,금속,2935,-25,-0.84,71227759870
130740,티피씨글로벌,KOSDAQ,운송장비·부품,2365,-50,-2.07,26669345835
084730,팅크웨어,KOSDAQ,통신장비,13030,30,0.23,144755794720
058530,파나케이아,KOSDAQ,기계·장비,1620,0,0.0,32527053360
440110,파두,KOSDAQ,반도체,23450,-100,-0.42,1153072613000
034230,파라다이스,KOSDAQ,오락·문화,13900,-340,-2.39,1275625559700
033540,파라텍,KOSDAQ,기계·장비,2100,-25,-1.18,79277232300
388870,파로스아이바이오,KOSDAQ,기타서비스,12020,-480,-3.84,155285923240
043200,파루,KOSDAQ,IT부품,634,-12,-1.86,26503935710
214450,파마리서치,KOSDAQ,제약,138800,900,0.65,1445327592400
208340,파멥신,KOSDAQ,제약,2915,0,0.0,88036229820
177830,파버나인,KOSDAQ,일반전기전자,3780,30,0.8,54011486340
037070,파세코,KOSDAQ,일반전기전자,10050,-300,-2.9,201000000000
150900,파수,KOSDAQ,소프트웨어,6390,20,0.31,74551631580
037030,파워넷,KOSDAQ,일반전기전자,2690,-10,-0.37,55439291380
047310,파워로직스,KOSDAQ,IT부품,6930,-20,-0.29,253712532150
368770,파이버프로,KOSDAQ,의료·정밀기기,4450,-20,-0.45,146201301250
170790,파이오링크,KOSDAQ,통신장비,10180,-10,-0.1,69797439400
049120,파인디앤씨,KOSDAQ,IT부품,1085,-34,-3.04,47215948255
038950,파인디지털,KOSDAQ,통신장비,4195,15,0.36,42834159175
441270,파인엠텍,KOSDAQ,IT부품,8990,-10,-0.11,332521229990
106240,파인테크닉스,KOSDAQ,일반전기전자,1286,1,0.08,20477051302
131760,파인텍,KOSDAQ,IT부품,894,-9,-1.0,38827835202
065690,파커스,KOSDAQ,IT부품,1119,-5,-0.44,15721201389
140860,파크시스템스,KOSDAQ,의료·정밀기기,191700,13100,7.33,1338173160300
091700,파트론,KOSDAQ,IT부품,7750,-20,-0.26,456616158500
032800,판타지오,KOSDAQ,오락·문화,203,-5,-2.4,46646414682
318010,팜스빌,KOSDAQ,음식료·담배,6080,10,0.16,48210375040
027710,팜스토리,KOSDAQ,음식료·담배,1647,-45,-2.66,183503140200
225590,패션플랫폼,KOSDAQ,섬유·의류,1043,-4,-0.38,27782091659
054300,팬스타엔터프라이즈,KOSDAQ,기계·장비,607,-2,-0.33,40660438265
068050,팬엔터테인먼트,KOSDAQ,오락·문화,2660,-20,-0.75,73666242160
222110,팬젠,KOSDAQ,제약,5700,50,0.88,65063693100
271830,팸텍,KOSDAQ,반도체,2905,-20,-0.68,85669036810
263750,펄어비스,KOSDAQ,디지털컨텐츠,41650,-1800,-4.14,2675923160750
251970,펌텍코리아,KOSDAQ,화학,45450,-1900,-4.01,563580000000
168360,펨트론,KOSDAQ,기계·장비,7380,190,2.64,157107535920
087010,펩트론,KOSDAQ,제약,37350,150,0.4,771552022500
119500,포메탈,KOSDAQ,금속,3340,-45,-1.33,39569754880
389140,포바이포,KOSDAQ,디지털컨텐츠,8450,-270,-3.1,93568835750
105760,포스뱅크,KOSDAQ,기계·장비,10220,40,0.39,95613056700
009520,포스코엠텍,KOSDAQ,금속,20950,100,0.48,872414627850
189690,포시에스,KOSDAQ,소프트웨어,2560,-30,-1.16,69944240640
318020,포인트모바일,KOSDAQ,일반전기전자,5540,-220,-3.82,70148986880
256630,포인트엔지니어링,KOSDAQ,금속,1549,-25,-1.59,89837464528
331380,포커스에이치엔에스,KOSDAQ,일반전기전자,1952,-9,-0.46,37182832064
472850,폰드그룹,KOSDAQ,섬유·의류,5390,20,0.37,174333798870
039980,폴라리스AI,KOSDAQ,컴퓨터서비스,2905,-30,-1.02,208222431585
041910,폴라리스AI파마,KOSDAQ,제약,7980,-60,-0.75,101332138740
234100,폴라리스세원,KOSDAQ,운송장비·부품,1769,-7,-0.39,96134974712
041020,폴라리스오피스,KOSDAQ,소프트웨어,7590,-10,-0.13,377416529820
114630,폴라리스우노,KOSDAQ,화학,661,-8,-1.2,51397739228
290720,푸드나무,KOSDAQ,유통,2410,-80,-3.21,32301369780
005670,푸드웰,KOSDAQ,음식료·담배,5830,-370,-5.97,58300000000
094940,푸른기술,KOSDAQ,정보기기,7610,-140,-1.81,63630147460
057880,푸른소나무,KOSDAQ,유통,8790,0,0.0,216061434720
007330,푸른저축은행,KOSDAQ,금융,8790,40,0.46,132577812000
093380,풍강,KOSDAQ,금속,3685,35,0.96,36405268405
023900,풍국주정,KOSDAQ,음식료·담배,13320,240,1.83,167832000000
371950,풍원정밀,KOSDAQ,IT부품,11590,780,7.22,243859255920
370090,퓨런티어,KOSDAQ,의료·정밀기기,21550,-150,-0.69,176318436500
445180,퓨릿,KOSDAQ,반도체,10520,90,0.86,176411857760
151910,퓨처코어,KOSDAQ,IT부품,640,0,0.0,121645902080
220100,퓨쳐켐,KOSDAQ,제약,14110,-620,-4.21,311861407050
035200,프럼파스트,KOSDAQ,화학,3150,0,0.0,30651358500
334970,프레스티지바이오로직스,KOSDAQ,제약,4180,-15,-0.36,257076140420
321260,프로이천,KOSDAQ,일반전기전자,2550,-20,-0.78,71889814200
053610,프로텍,KOSDAQ,반도체,31900,350,1.11,350900000000
303360,프로티아,KOSDAQ,의료·정밀기기,3255,-45,-1.36,41915334825
377220,프롬바이오,KOSDAQ,음식료·담배,1712,9,0.53,48466720000
335810,프리시젼바이오,KOSDAQ,의료·정밀기기,4590,-5,-0.11,53310674340
053160,프리엠스,KOSDAQ,일반전기전자,10210,120,1.19,61260000000
405000,플라즈맵,KOSDAQ,의료·정밀기기,3035,105,3.58,61412214345
041590,플래스크,KOSDAQ,건설,789,0,0.0,103917099150
367000,플래티어,KOSDAQ,소프트웨어,6730,-20,-0.3,56452633110
075130,플랜티넷,KOSDAQ,컴퓨터서비스,2260,5,0.22,37566443200
237820,플레이디,KOSDAQ,기타서비스,6090,30,0.5,78117282600
023770,플레이위드,KOSDAQ,디지털컨텐츠,6410,-450,-6.56,56195316200
019570,플루토스,KOSDAQ,금융,508,6,1.2,26654780320
300080,플리토,KOSDAQ,디지털컨텐츠,25750,-50,-0.19,141671787750
032580,피델릭스,KOSDAQ,반도체,1620,-3,-0.18,53673943680
051380,피씨디렉트,KOSDAQ,유통,3425,0,0.0,52539746600
241820,피씨엘,KOSDAQ,제약,1002,-68,-6.36,54146194236
237750,피앤씨테크,KOSDAQ,일반전기전자,5940,10,0.17,38589804000
319660,피에스케이,KOSDAQ,반도체,35400,-700,-1.94,1025421675600
031980,피에스케이홀딩스,KOSDAQ,반도체,76500,-4700,-5.79,1649523217500
002230,피에스텍,KOSDAQ,의료·정밀기기,4035,20,0.5,78160665555
043370,피에이치에이,KOSDAQ,운송장비·부품,14040,60,0.43,294840000000
239890,피엔에이치테크,KOSDAQ,화학,16620,-90,-0.54,165132248100
347740,피엔케이피부임상연구센타,KOSDAQ,기타서비스,2940,-110,-3.61,88231093440
137400,피엔티,KOSDAQ,기계·장비,84500,-300,-0.35,1921631231000
257370,피엔티엠에스,KOSDAQ,IT부품,9210,0,0.0,115169769810
147760,피엠티,KOSDAQ,의료·정밀기기,5340,-10,-0.19,57778084440
128660,피제이메탈,KOSDAQ,금속,3795,-10,-0.26,94128785355
006140,피제이전자,KOSDAQ,의료·정밀기기,6590,-10,-0.15,98850000000
376180,피코그램,KOSDAQ,기타제조,3205,-100,-3.03,59264866490
304840,피플바이오,KOSDAQ,제약,3320,-15,-0.45,70017020480
062970,피피아이,KOSDAQ,일반전기전자,3000,425,16.5,27924555000
087600,픽셀플러스,KOSDAQ,반도체,9350,100,1.08,76357317300
291810,핀텔,KOSDAQ,소프트웨어,2950,55,1.9,33464540400
378340,필에너지,KOSDAQ,기계·장비,21900,200,0.92,465317665800
161580,필옵틱스,KOSDAQ,IT부품,23050,1200,5.49,525749201800
347770,핌스,KOSDAQ,IT부품,3335,-95,-2.77,76228235070
163730,핑거,KOSDAQ,소프트웨어,7650,-10,-0.13,71608651200
417180,핑거스토리,KOSDAQ,디지털컨텐츠,3330,-110,-3.2,55742218650
446750,하나26호스팩,KOSDAQ,금융,2200,-10,-0.45,13266000000
448370,하나27호스팩,KOSDAQ,금융,2175,0,0.0,12223500000
454750,하나28호스팩,KOSDAQ,금융,2115,-5,-0.24,15232230000
454640,하나29호스팩,KOSDAQ,금융,2195,0,0.0,11855195000
469880,하나30호스팩,KOSDAQ,금융,2090,5,0.24,15267450000
469900,하나31호스팩,KOSDAQ,금융,2095,0,0.0,11742475000
475240,하나32호스팩,KOSDAQ,금융,2210,0,0.0,7072000000
475250,하나33호스팩,KOSDAQ,금융,2140,10,0.47,7918000000
406760,하나금융21호스팩,KOSDAQ,금융,2135,0,0.0,15820350000
418170,하나금융22호스팩,KOSDAQ,금융,2380,0,0.0,14303800000
430230,하나금융24호스팩,KOSDAQ,금융,3155,-35,-1.1,25252620000
435620,하나금융25호스팩,KOSDAQ,금융,9970,-10,-0.1,42890940000
299030,하나기술,KOSDAQ,기계·장비,57600,400,0.7,470050963200
067310,하나마이크론,KOSDAQ,반도체,22850,-100,-0.44,1192072503750
166090,하나머티리얼즈,KOSDAQ,반도체,60600,-300,-0.49,1198527044400
136480,하림,KOSDAQ,음식료·담배,3500,-80,-2.23,371733957000
003380,하림지주,KOSDAQ,금융,6170,-50,-0.8,691074681570
101670,하이드로리튬,KOSDAQ,금속,4530,-80,-1.74,227993414160
365590,하이딥,KOSDAQ,반도체,1147,-13,-1.12,165599087333
149980,하이로닉,KOSDAQ,의료·정밀기기,9120,-280,-2.98,169553230560
013030,하이록코리아,KOSDAQ,금속,26800,500,1.9,344542140000
126700,하이비젼시스템,KOSDAQ,의료·정밀기기,27150,900,3.43,405678340800
106080,하이소닉,KOSDAQ,IT부품,4220,-405,-8.76,65800805760
400840,하이제7호스팩,KOSDAQ,금융,2100,5,0.24,10752000000
450050,하이제8호스팩,KOSDAQ,금융,2180,-15,-0.68,10930520000
221840,하이즈항공,KOSDAQ,운송장비·부품,2315,-30,-1.28,43291798715
106190,하이텍팜,KOSDAQ,제약,13620,-260,-1.87,144823816260
065650,하이퍼코퍼레이션,KOSDAQ,유통,1372,-10,-0.72,115200080156
066130,하츠,KOSDAQ,일반전기전자,4950,5,0.1,63360000000
004590,한국가구,KOSDAQ,유통,4095,-45,-1.09,61425000000
039340,한국경제TV,KOSDAQ,방송서비스,5650,-40,-0.7,129950000000
034950,한국기업평가,KOSDAQ,기타서비스,89200,-200,-0.22,405013848800
222980,한국맥널티,KOSDAQ,음식료·담배,4580,-120,-2.55,50524192140
256840,한국비엔씨,KOSDAQ,제약,5630,150,2.74,382347054090
219750,한국비티비,KOSDAQ,의료·정밀기기,967,0,0.0,63267797795
025550,한국선재,KOSDAQ,금속,3515,0,0.0,81899500000
017890,한국알콜,KOSDAQ,화학,10410,-70,-0.67,224915961600
080720,한국유니온제약,KOSDAQ,제약,5580,-40,-0.71,44136845820
063570,한국전자금융,KOSDAQ,기타서비스,5180,-20,-0.38,176885231040
041460,한국전자인증,KOSDAQ,소프트웨어,4130,0,0.0,78470000000
101680,한국정밀기계,KOSDAQ,기계·장비,2385,-5,-0.21,20043540000
039740,한국정보공학,KOSDAQ,유통,2975,80,2.76,23854731075
053300,한국정보인증,KOSDAQ,소프트웨어,4690,0,0.0,199049983090
025770,한국정보통신,KOSDAQ,통신서비스,8520,-10,-0.12,319025188920
436610,한국제11호스팩,KOSDAQ,금융,4670,10,0.21,28113400000
458610,한국제12호스팩,KOSDAQ,금융,2320,-25,-1.07,9813600000
464440,한국제13호스팩,KOSDAQ,금융,2190,-15,-0.68,9460800000
477530,한국제14호스팩,KOSDAQ,금융,2055,55,2.75,9884550000
023760,한국캐피탈,KOSDAQ,금융,617,-2,-0.32,194731108392
054040,한국컴퓨터,KOSDAQ,IT부품,5380,-10,-0.19,86463540200
021650,한국큐빅,KOSDAQ,화학,2625,0,0.0,42920227875
053590,한국테크놀로지,KOSDAQ,일반전기전자,334,0,0.0,52484809098
032300,한국파마,KOSDAQ,제약,18380,-180,-0.97,200465164380
037230,한국팩키지,KOSDAQ,종이·목재,2110,-20,-0.94,62878689970
030520,한글과컴퓨터,KOSDAQ,소프트웨어,23000,-1100,-4.56,556134112000
052600,한네트,KOSDAQ,통신서비스,4475,50,1.13,51747557500
256150,한독크린텍,KOSDAQ,기계·장비,6900,-80,-1.15,57925500000
092460,한라IMS,KOSDAQ,운송장비·부품,7020,180,2.63,120109953600
452190,한빛레이저,KOSDAQ,기계·장비,5470,80,1.48,121690811030
047080,한빛소프트,KOSDAQ,디지털컨텐츠,1910,8,0.42,47410711420
452280,한선엔지니어링,KOSDAQ,금속,9900,710,7.73,168324750000
066980,한성크린텍,KOSDAQ,기타서비스,2750,5,0.18,137597429750
114810,한솔아이원스,KOSDAQ,IT부품,12340,-200,-1.59,359256567160
070590,한솔인티큐브,KOSDAQ,컴퓨터서비스,1410,-21,-1.47,19570124610
226440,한송네오텍,KOSDAQ,기계·장비,1530,0,0.0,100580954580
042520,한스바이오메드,KOSDAQ,제약,12280,-150,-1.21,166103786760
430690,한싹,KOSDAQ,소프트웨어,6960,-220,-3.06,75831475920
078350,한양디지텍,KOSDAQ,반도체,25750,-550,-2.09,392542836500
045100,한양이엔지,KOSDAQ,기타서비스,21100,-150,-0.71,379800000000
091440,한울소재과학,KOSDAQ,통신장비,10410,-500,-4.58,152055445110
024740,한일단조,KOSDAQ,운송장비·부품,2255,25,1.12,71105891230
005860,한일사료,KOSDAQ,음식료·담배,5260,-220,-4.01,207263383100
007770,한일화학,KOSDAQ,화학,13650,130,0.96,47911500000
198940,한주라이트메탈,KOSDAQ,금속,1846,32,1.76,35878514490
079170,한창산업,KOSDAQ,금속,7310,-300,-3.94,38012000000
054920,한컴위드,KOSDAQ,소프트웨어,3130,-45,-1.42,88319463530
002680,한탑,KOSDAQ,음식료·담배,895,1,0.11,28923535105
430460,한화플러스제3호스팩,KOSDAQ,금융,2215,0,0.0,13112800000
455310,한화플러스제4호스팩,KOSDAQ,금융,2180,0,0.0,11030800000
034810,해성산업,KOSDAQ,금융,7420,-10,-0.13,241571878940
03481K,해성산업1우,KOSDAQ,금융,8220,0,0.0,11416938840
059270,해성에어로보틱스,KOSDAQ,금속,11810,930,8.55,129499189150
076610,해성옵틱스,KOSDAQ,IT부품,1351,-63,-4.46,34387270498
220180,핸디소프트,KOSDAQ,소프트웨어,3565,-130,-3.52,69189520000
900270,헝셩그룹,KOSDAQ,금융,307,-15,-4.66,38539270788
214180,헥토이노베이션,KOSDAQ,소프트웨어,13220,-50,-0.38,175259985700
234340,헥토파이낸셜,KOSDAQ,소프트웨어,16710,80,0.48,157959630000
084990,헬릭스미스,KOSDAQ,기타서비스,3810,-85,-2.18,175613556570
170030,현대공업,KOSDAQ,운송장비·부품,7510,-20,-0.27,115203400000
319400,현대무벡스,KOSDAQ,기계·장비,2975,-30,-1.0,350178512425
048410,현대바이오,KOSDAQ,화학,17700,-550,-3.01,704824761600
052260,현대바이오랜드,KOSDAQ,화학,5180,-210,-3.9,155400000000
016790,현대사료,KOSDAQ,음식료·담배,994,0,0.0,187340898626
041440,현대에버다임,KOSDAQ,기계·장비,6780,90,1.35,121470100320
039010,현대에이치티,KOSDAQ,통신장비,6940,-10,-0.14,59857500000
090850,현대이지웰,KOSDAQ,기타서비스,6090,-60,-0.98,144615338490
460930,현대힘스,KOSDAQ,운송장비·부품,14590,430,3.04,508082160000
092300,현우산업,KOSDAQ,IT부품,3900,105,2.77,72823982400
138360,협진,KOSDAQ,기계·장비,910,14,1.56,31496905440
011080,형지I&C,KOSDAQ,섬유·의류,675,-24,-3.43,17214770025
060560,홈센타홀딩스,KOSDAQ,유통,1082,-16,-1.46,138138426050
064240,홈캐스트,KOSDAQ,유통,2575,-20,-0.77,90222880900
039610,화성밸브,KOSDAQ,기계·장비,8800,250,2.92,91611520000
126640,화신정공,KOSDAQ,운송장비·부품,1500,-10,-0.66,54560830500
127980,화인써키트,KOSDAQ,반도체,7920,30,0.38,93778217280
061250,화일약품,KOSDAQ,제약,1441,-28,-1.91,110780696532
097870,효성오앤비,KOSDAQ,화학,7480,-70,-0.93,63505200000
290270,휴네시온,KOSDAQ,소프트웨어,3905,45,1.17,37517959160
353190,휴럼,KOSDAQ,음식료·담배,1123,-45,-3.85,44221965660
192410,휴림네트웍스,KOSDAQ,통신장비,9110,-180,-1.94,19822694970
090710,휴림로봇,KOSDAQ,기계·장비,2275,-55,-2.36,161057018850
078590,휴림에이텍,KOSDAQ,운송장비·부품,836,6,0.72,45319843404
205470,휴마시스,KOSDAQ,제약,1763,-60,-3.29,228088140867
115160,휴맥스,KOSDAQ,통신장비,2170,10,0.46,95415169080
028080,휴맥스홀딩스,KOSDAQ,컴퓨터서비스,3260,-60,-1.81,41002669560
175140,휴먼테크놀로지,KOSDAQ,통신장비,7980,-220,-2.68,171692030160
200670,휴메딕스,KOSDAQ,제약,34700,-1150,-3.21,389678571000
065510,휴비츠,KOSDAQ,의료·정밀기기,12330,-470,-3.67,149925044430
215090,휴센텍,KOSDAQ,의료·정밀기기,1505,0,0.0,132980225770
263920,휴엠앤씨,KOSDAQ,기타제조,1130,-31,-2.67,55421001420
243070,휴온스,KOSDAQ,제약,32300,-400,-1.22,386943179500
084110,휴온스글로벌,KOSDAQ,제약,23450,-300,-1.26,295973987400
145020,휴젤,KOSDAQ,제약,232000,3000,1.31,2787222944000
024060,흥구석유,KOSDAQ,유통,14660,300,2.09,219900000000
010240,흥국,KOSDAQ,기계·장비,5500,-10,-0.18,67774828000
189980,흥국에프엔비,KOSDAQ,음식료·담배,2620,-180,-6.43,105161106740
037440,희림,KOSDAQ,기타서비스,6260,30,0.48,87154693500
238490,힘스,KOSDAQ,반도체,5900,-10,-0.17,66742192400
